title,imdb_rating,cast_1,cast_2,cast_3
Avengers: Endgame,8.4,Robert Downey Jr.,Chris Evans,Mark Ruffalo
Pirates of the Caribbean: On Stranger Tides,6.6,Johnny Depp,Penélope Cruz,Ian McShane
Avengers: Age of Ultron,7.3,Robert Downey Jr.,Chris Evans,Mark Ruffalo
Star Wars Episode VII: The Force Awakens,7.9,Daisy Ridley,John Boyega,Oscar Isaac
Avengers: Infinity War,8.5,Robert Downey Jr.,Chris Hemsworth,Mark Ruffalo
Pirates of the Caribbean: At World’s End,7.1,Johnny Depp,Orlando Bloom,Keira Knightley
Justice League,6.1,Ben Affleck,Gal Gadot,Jason Momoa
Spectre,6.8,Daniel Craig,Christoph Waltz,Léa Seydoux
Star Wars: The Rise of Skywalker,6.5,Daisy Ridley,John Boyega,Oscar Isaac
Solo: A Star Wars Story,6.9,Alden Ehrenreich,Woody Harrelson,Emilia Clarke
John Carter,6.6,Taylor Kitsch,Lynn Collins,Willem Dafoe
Batman v Superman: Dawn of Justice,6.5,Ben Affleck,Henry Cavill,Amy Adams
Star Wars Episode VIII: The Last Jedi,6.9,Daisy Ridley,John Boyega,Mark Hamill
The Lion King,6.9,Donald Glover,Beyoncé,Seth Rogen
Tangled,7.8,Mandy Moore,Zachary Levi,Donna Murphy
Spider-Man 3,6.3,Tobey Maguire,Kirsten Dunst,Topher Grace
Captain America: Civil War,7.8,Chris Evans,Robert Downey Jr.,Scarlett Johansson
Harry Potter and the Half-Blood Prince,7.6,Daniel Radcliffe,Emma Watson,Rupert Grint
The Hobbit: The Desolation of Smaug,7.8,Ian McKellen,Martin Freeman,Richard Armitage
The Hobbit: The Battle of the Five Armies,7.4,Ian McKellen,Martin Freeman,Richard Armitage
The Fate of the Furious,6.6,Vin Diesel,Jason Statham,Dwayne Johnson
Avatar,7.9,Sam Worthington,Zoe Saldana,Sigourney Weaver
Superman Returns,6.1,Brandon Routh,Kevin Spacey,Kate Bosworth
The Dark Knight Rises,8.4,Christian Bale,Tom Hardy,Anne Hathaway
Pirates of the Caribbean: Dead Men Tell No Tales,6.6,Johnny Depp,Geoffrey Rush,Javier Bardem
Quantum of Solace,6.6,Daniel Craig,Olga Kurylenko,Mathieu Amalric
The Avengers,8.1,Robert Downey Jr.,Chris Evans,Scarlett Johansson
Pirates of the Caribbean: Dead Man’s Chest,7.4,Johnny Depp,Orlando Bloom,Keira Knightley
Man of Steel,7.1,Henry Cavill,Amy Adams,Michael Shannon
The Chronicles of Narnia: Prince Caspian,6.5,Ben Barnes,Skandar Keynes,Georgie Henley
The Lone Ranger,6.4,Johnny Depp,Armie Hammer,William Fichtner
The Amazing Spider-Man,7.0,Andrew Garfield,Emma Stone,Rhys Ifans
Battleship,5.8,Alexander Skarsgård,Brooklyn Decker,Liam Neeson
Transformers: The Last Knight,5.2,Mark Wahlberg,Anthony Hopkins,Josh Duhamel
Jurassic World,7.0,Chris Pratt,Bryce Dallas Howard,Ty Simpkins
Men in Black 3,6.8,Will Smith,Tommy Lee Jones,Josh Brolin
Transformers: Revenge of the Fallen,6.0,Shia LaBeouf,Megan Fox,Josh Duhamel
Transformers: Age of Extinction,5.6,Mark Wahlberg,Nicola Peltz,Jack Reynor
X-Men: The Last Stand,6.7,Patrick Stewart,Hugh Jackman,Halle Berry
Robin Hood,6.6,Russell Crowe,Cate Blanchett,Matthew Macfadyen
King Kong,7.2,Naomi Watts,Jack Black,Adrien Brody
The Golden Compass,6.1,Nicole Kidman,Daniel Craig,Dakota Blue Richards
Black Panther,7.3,Chadwick Boseman,Michael B. Jordan,Lupita Nyong'o
Incredibles 2,7.6,Craig T. Nelson,Holly Hunter,Sarah Vowell
Rogue One: A Star Wars Story,7.8,Felicity Jones,Diego Luna,Alan Tudyk
Finding Dory,7.3,Ellen DeGeneres,Albert Brooks,Ed O'Neill
Toy Story 4,7.7,Tom Hanks,Tim Allen,Annie Potts
Toy Story 3,8.3,Tom Hanks,Tim Allen,Joan Cusack
Iron Man 3,7.2,Robert Downey Jr.,Guy Pearce,Gwyneth Paltrow
Guardians of the Galaxy Vol 2,7.6,Chris Pratt,Zoe Saldana,Dave Bautista
Spider-Man 2,7.4,Tobey Maguire,Kirsten Dunst,Alfred Molina
Alice in Wonderland,6.4,Mia Wasikowska,Johnny Depp,Helena Bonham Carter
Skyfall,7.8,Daniel Craig,Javier Bardem,Naomie Harris
The Hobbit: An Unexpected Journey,7.8,Martin Freeman,Ian McKellen,Richard Armitage
Monsters University,7.3,Billy Crystal,John Goodman,Steve Buscemi
Oz the Great and Powerful,6.3,James Franco,Michelle Williams,Rachel Weisz
X-Men: Days of Future Past,8.0,Patrick Stewart,Ian McKellen,Hugh Jackman
The Amazing Spider-Man 2,6.6,Andrew Garfield,Emma Stone,Jamie Foxx
Cars 2,6.2,Owen Wilson,Larry the Cable Guy,Michael Caine
Fast & Furious Presents: Hobbs & Shaw,6.5,Dwayne Johnson,Jason Statham,Idris Elba
Tron: Legacy,6.8,Jeff Bridges,Garrett Hedlund,Olivia Wilde
2012,5.8,John Cusack,Thandiwe Newton,Chiwetel Ejiofor
Fantastic Beasts: The Crimes of Grindelwald,6.5,Eddie Redmayne,Katherine Waterston,Dan Fogler
Terminator Salvation,6.5,Christian Bale,Sam Worthington,Anton Yelchin
Green Lantern,5.5,Ryan Reynolds,Blake Lively,Peter Sarsgaard
Prince of Persia: Sands of Time,6.6,Jake Gyllenhaal,Gemma Arterton,Ben Kingsley
Dark Phoenix,5.7,James McAvoy,Michael Fassbender,Jennifer Lawrence
Transformers: Dark of the Moon,6.2,Shia LaBeouf,Rosie Huntington-Whiteley,Tyrese Gibson
The Mummy,5.4,Tom Cruise,Sofia Boutella,Annabelle Wallis
Jack the Giant Slayer,6.3,Nicholas Hoult,Stanley Tucci,Ewan McGregor
Furious 7,7.2,Vin Diesel,Paul Walker,Dwayne Johnson
Star Trek Into Darkness,7.7,Chris Pine,Zachary Quinto,Zoe Saldana
World War Z,7.0,Brad Pitt,Mireille Enos,Daniella Kertesz
The Great Gatsby,7.2,Leonardo DiCaprio,Carey Mulligan,Joel Edgerton
Disney’s A Christmas Carol,,,,
Pacific Rim,6.9,Idris Elba,Charlie Hunnam,Rinko Kikuchi
The Good Dinosaur,6.7,Jeffrey Wright,Frances McDormand,Maleah Nipay-Padilla
Iron Man,7.9,Robert Downey Jr.,Gwyneth Paltrow,Terrence Howard
The Dark Knight,9.1,Christian Bale,Heath Ledger,Aaron Eckhart
Indiana Jones and the Kingdom of the Crystal Skull,6.2,Harrison Ford,Cate Blanchett,Shia LaBeouf
Brave,7.1,Kelly Macdonald,Billy Connolly,Emma Thompson
Kong: Skull Island,6.7,Tom Hiddleston,Samuel L. Jackson,Brie Larson
Star Trek Beyond,7.0,Chris Pine,Zachary Quinto,Karl Urban
Maleficent: Mistress of Evil,6.6,Angelina Jolie,Elle Fanning,Harris Dickinson
Blade Runner 2049,8.0,Harrison Ford,Ryan Gosling,Ana de Armas
Terminator: Dark Fate,6.2,Linda Hamilton,Arnold Schwarzenegger,Mackenzie Davis
Aladdin,6.9,Will Smith,Mena Massoud,Naomi Scott
Thor: Ragnarok,7.9,Chris Hemsworth,Tom Hiddleston,Cate Blanchett
"The Chronicles of Narnia: The Lion, the Witch a…",,,,
Maleficent,7.0,Angelina Jolie,Elle Fanning,Sharlto Copley
Fantastic Beasts and Where to Find Them,7.3,Eddie Redmayne,Katherine Waterston,Alison Sudol
WALL-E,,,,
Rush Hour 3,6.2,Jackie Chan,Chris Tucker,Max von Sydow
The Legend of Tarzan,6.2,Alexander Skarsgård,Rory J. Saper,Christian Stevens
Hugo,7.5,Asa Butterfield,Chloë Grace Moretz,Christopher Lee
Valerian and the City of a Thousand Planets,6.5,Dane DeHaan,Cara Delevingne,Clive Owen
Jupiter Ascending,5.3,Channing Tatum,Mila Kunis,Eddie Redmayne
Mission: Impossible—Fallout,7.7,Tom Cruise,Henry Cavill,Ving Rhames
X-Men: Apocalypse,6.9,James McAvoy,Michael Fassbender,Jennifer Lawrence
The Meg,5.6,Jason Statham,Bingbing Li,Rainn Wilson
Edge of Tomorrow,7.9,Tom Cruise,Emily Blunt,Bill Paxton
Captain Marvel,6.8,Brie Larson,Samuel L. Jackson,Ben Mendelsohn
The Jungle Book,7.4,Neel Sethi,Bill Murray,Ben Kingsley
Inside Out,8.2,Amy Poehler,Bill Hader,Lewis Black
Spider-Man: Homecoming,7.4,Tom Holland,Michael Keaton,Robert Downey Jr.
Suicide Squad,5.9,Will Smith,Jared Leto,Margot Robbie
Up,8.3,Edward Asner,Jordan Nagai,John Ratzenberger
Coco,8.4,Anthony Gonzalez,Gael García Bernal,Benjamin Bratt
Ralph Breaks The Internet,7.0,John C. Reilly,Sarah Silverman,Gal Gadot
Monsters vs. Aliens,6.5,Reese Witherspoon,Rainn Wilson,Stephen Colbert
Cars 3,6.7,Owen Wilson,Cristela Alonzo,Chris Cooper
G.I. Joe: The Rise of Cobra,5.7,Dennis Quaid,Channing Tatum,Marlon Wayans
The Mummy: Tomb of the Dragon Emperor,5.2,Brendan Fraser,Jet Li,Maria Bello
Evan Almighty,5.4,Steve Carell,Morgan Freeman,Lauren Graham
King Arthur: Legend of the Sword,6.7,Charlie Hunnam,Astrid Bergès-Frisbey,Jude Law
47 Ronin,6.2,Keanu Reeves,Hiroyuki Sanada,Ko Shibasaki
Jurassic World: Fallen Kingdom,6.2,Chris Pratt,Bryce Dallas Howard,Rafe Spall
Guardians of the Galaxy,8.1,Chris Pratt,Vin Diesel,Bradley Cooper
Iron Man 2,7.0,Robert Downey Jr.,Mickey Rourke,Gwyneth Paltrow
Captain America: The Winter Soldier,7.8,Chris Evans,Samuel L. Jackson,Scarlett Johansson
Dawn of the Planet of the Apes,7.6,Gary Oldman,Keri Russell,Andy Serkis
The Polar Express,6.6,Tom Hanks,Chris Coppola,Michael Jeter
Snow White and the Huntsman,6.1,Kristen Stewart,Chris Hemsworth,Charlize Theron
Terminator 3: Rise of the Machines,6.3,Arnold Schwarzenegger,Nick Stahl,Kristanna Loken
Van Helsing,6.0,Hugh Jackman,Kate Beckinsale,Richard Roxburgh
Dumbo,6.3,Colin Farrell,Michael Keaton,Danny DeVito
Godzilla: King of the Monsters,6.0,Kyle Chandler,Vera Farmiga,Millie Bobby Brown
Tomorrowland,6.4,George Clooney,Britt Robertson,Hugh Laurie
Alita: Battle Angel,7.3,Rosa Salazar,Christoph Waltz,Jennifer Connelly
Alice Through the Looking Glass,6.2,Mia Wasikowska,Johnny Depp,Helena Bonham Carter
Shrek Forever After,6.3,Mike Myers,Cameron Diaz,Eddie Murphy
Doctor Strange,7.5,Benedict Cumberbatch,Chiwetel Ejiofor,Rachel McAdams
Big Hero 6,7.8,Ryan Potter,Scott Adsit,Jamie Chung
How to Train Your Dragon,8.1,Jay Baruchel,Gerard Butler,Christopher Mintz-Plasse
Wreck-It Ralph,7.7,John C. Reilly,Jack McBrayer,Jane Lynch
Interstellar,8.7,Matthew McConaughey,Anne Hathaway,Jessica Chastain
Independence Day: Resurgence,5.2,Liam Hemsworth,Jeff Goldblum,Bill Pullman
Cowboys and Aliens,,,,
Beauty and the Beast,7.1,Emma Watson,Dan Stevens,Luke Evans
Spider-Man: Far From Home,7.4,Tom Holland,Samuel L. Jackson,Jake Gyllenhaal
Aquaman,6.9,Jason Momoa,Amber Heard,Willem Dafoe
Shrek the Third,6.1,Mike Myers,Cameron Diaz,Eddie Murphy
Inception,8.8,Leonardo DiCaprio,Joseph Gordon-Levitt,Elliot Page
The Hunger Games: Mockingjay - Part 2,6.5,Jennifer Lawrence,Josh Hutcherson,Liam Hemsworth
Fast and Furious 6,,,,
Godzilla,6.4,Aaron Taylor-Johnson,Elizabeth Olsen,Bryan Cranston
X-Men: First Class,7.7,James McAvoy,Michael Fassbender,Jennifer Lawrence
The Curious Case of Benjamin Button,7.8,Brad Pitt,Cate Blanchett,Tilda Swinton
The Sorcerer's Apprentice,6.1,Nicolas Cage,Jay Baruchel,Alfred Molina
Poseidon,5.7,Richard Dreyfuss,Kurt Russell,Emmy Rossum
Warcraft,6.8,Travis Fimmel,Paula Patton,Ben Foster
The Irishman,7.8,Robert De Niro,Al Pacino,Joe Pesci
Deepwater Horizon,7.1,Mark Wahlberg,Kurt Russell,Douglas M. Griffin
The Chronicles of Narnia: The Voyage of the Daw…,,,,
Terminator: Genisys,6.3,Arnold Schwarzenegger,Jason Clarke,Emilia Clarke
Pacific Rim: Uprising,5.6,John Boyega,Scott Eastwood,Cailee Spaeny
Alexander,5.6,Colin Farrell,Anthony Hopkins,Rosario Dawson
War for the Planet of the Apes,7.4,Andy Serkis,Woody Harrelson,Steve Zahn
Pearl Harbor,6.2,Ben Affleck,Kate Beckinsale,Josh Hartnett
Transformers,7.1,Shia LaBeouf,Megan Fox,Josh Duhamel
Frozen II,6.8,Kristen Bell,Idina Menzel,Josh Gad
Wonder Woman,7.4,Gal Gadot,Chris Pine,Robin Wright
Frozen,7.5,Kristen Bell,Idina Menzel,Jonathan Groff
Zootopia,8.0,Ginnifer Goodwin,Jason Bateman,Idris Elba
Harry Potter and the Order of the Phoenix,7.5,Daniel Radcliffe,Emma Watson,Rupert Grint
Harry Potter and the Goblet of Fire,7.7,Daniel Radcliffe,Emma Watson,Rupert Grint
The Matrix Reloaded,7.2,Keanu Reeves,Laurence Fishburne,Carrie-Anne Moss
I am Legend,7.2,Will Smith,Alice Braga,Charlie Tahan
Moana,7.6,Auli'i Cravalho,Dwayne Johnson,Rachel House
Hancock,6.4,Will Smith,Charlize Theron,Jason Bateman
Charlie and the Chocolate Factory,6.7,Johnny Depp,Freddie Highmore,David Kelly
Ratatouille,8.1,Brad Garrett,Lou Romano,Patton Oswalt
Thor: The Dark World,6.8,Chris Hemsworth,Natalie Portman,Tom Hiddleston
Batman Begins,8.3,Christian Bale,Michael Caine,Ken Watanabe
Mission: Impossible—Rogue Nation,7.4,Tom Cruise,Rebecca Ferguson,Jeremy Renner
Dunkirk,7.8,Fionn Whitehead,Barry Keoghan,Mark Rylance
Thor,7.0,Chris Hemsworth,Anthony Hopkins,Natalie Portman
Madagascar: Escape 2 Africa,6.7,Ben Stiller,Chris Rock,David Schwimmer
X-Men Origins: Wolverine,6.6,Hugh Jackman,Liev Schreiber,Ryan Reynolds
Night at the Museum: Battle of the Smithsonian,6.0,Ben Stiller,Owen Wilson,Amy Adams
Kung Fu Panda 2,7.2,Jack Black,Angelina Jolie,Jackie Chan
Mad Max: Fury Road,8.1,Tom Hardy,Charlize Theron,Nicholas Hoult
Pokémon: Detective Pikachu,6.6,Ryan Reynolds,Justice Smith,Kathryn Newton
The Matrix Revolutions,6.7,Keanu Reeves,Laurence Fishburne,Carrie-Anne Moss
Ready Player One,7.4,Tye Sheridan,Olivia Cooke,Ben Mendelsohn
Chicken Little,5.7,Zach Braff,Joan Cusack,Garry Marshall
Mission: Impossible III,6.9,Tom Cruise,Michelle Monaghan,Ving Rhames
Angels & Demons,6.7,Tom Hanks,Ewan McGregor,Ayelet Zurer
Troy,7.3,Brad Pitt,Eric Bana,Orlando Bloom
The Last Airbender,4.0,Noah Ringer,Nicola Peltz,Jackson Rathbone
Bee Movie,6.1,Jerry Seinfeld,Renée Zellweger,Matthew Broderick
G-Force,5.1,Will Arnett,Penélope Cruz,Zach Galifianakis
Bolt,6.9,John Travolta,Miley Cyrus,Susie Essman
Wrath of the Titans,5.7,Sam Worthington,Liam Neeson,Rosamund Pike
Beowulf,6.3,Ray Winstone,Crispin Glover,Angelina Jolie
Dark Shadows,6.2,Johnny Depp,Michelle Pfeiffer,Eva Green
White House Down,6.3,Channing Tatum,Jamie Foxx,Maggie Gyllenhaal
The Wolfman,5.8,Benicio Del Toro,Anthony Hopkins,Emily Blunt
The Great Wall,5.9,Matt Damon,Tian Jing,Willem Dafoe
Pan,5.7,Levi Miller,Hugh Jackman,Garrett Hedlund
Mars Needs Moms,,,,
Flushed Away,6.6,Hugh Jackman,Kate Winslet,Ian McKellen
Madagascar 3: Europe's Most Wanted,6.8,Ben Stiller,Jada Pinkett Smith,Chris Rock
Mission: Impossible—Ghost Protocol,7.4,Tom Cruise,Jeremy Renner,Simon Pegg
How to Train Your Dragon 2,7.8,Jay Baruchel,Cate Blanchett,Gerard Butler
Mr. Peabody & Sherman,6.8,Ty Burrell,Max Charles,Stephen Colbert
Rise of the Guardians,7.3,Hugh Jackman,Alec Baldwin,Isla Fisher
Sahara,6.0,Matthew McConaughey,Penélope Cruz,Steve Zahn
Ghostbusters,6.9,Melissa McCarthy,Kristen Wiig,Kate McKinnon
Die Another Day,6.1,Pierce Brosnan,Halle Berry,Rosamund Pike
Pirates of the Caribbean: The Curse of the Blac…,,,,
Star Trek,8.0,Chris Pine,Zachary Quinto,Simon Pegg
Men in Black 2,,,,
Captain America: The First Avenger,6.9,Chris Evans,Hugo Weaving,Samuel L. Jackson
Kung Fu Panda 3,7.1,Jack Black,Bryan Cranston,Dustin Hoffman
G.I. Joe: Retaliation,5.8,Dwayne Johnson,Channing Tatum,Adrianne Palicki
The Last Samurai,7.8,Tom Cruise,Ken Watanabe,Billy Connolly
Fun With Dick And Jane,6.1,Jim Carrey,Téa Leoni,Alec Baldwin
Exodus: Gods and Kings,6.0,Christian Bale,Joel Edgerton,Ben Kingsley
The BFG,6.4,Mark Rylance,Ruby Barnhill,Penelope Wilton
Gemini Man,5.7,Will Smith,Mary Elizabeth Winstead,Clive Owen
Gods of Egypt,5.4,Brenton Thwaites,Nikolaj Coster-Waldau,Gerard Butler
Spider-Man,7.4,Tobey Maguire,Kirsten Dunst,Willem Dafoe
Watchmen,7.7,Jackie Earle Haley,Patrick Wilson,Carla Gugino
Stealth,5.0,Josh Lucas,Jessica Biel,Jamie Foxx
The Incredible Hulk,6.7,Edward Norton,Liv Tyler,Tim Roth
Hulk,5.6,Eric Bana,Jennifer Connelly,Sam Elliott
Final Fantasy: The Spirits Within,6.4,Alec Baldwin,Steve Buscemi,Ming-Na Wen
"The Twilight Saga: Breaking Dawn, Part 2",5.6,Kristen Stewart,Robert Pattinson,Taylor Lautner
The Croods,7.2,Nicolas Cage,Ryan Reynolds,Emma Stone
The Revenant,8.0,Leonardo DiCaprio,Tom Hardy,Will Poulter
Rango,7.2,Johnny Depp,Isla Fisher,Timothy Olyphant
Master and Commander: The Far Side of the World,7.4,Russell Crowe,Paul Bettany,Billy Boyd
Turbo,6.4,Ryan Reynolds,Paul Giamatti,Maya Rudolph
Teenage Mutant Ninja Turtles: Out of the Shadows,5.9,Megan Fox,Will Arnett,Tyler Perry
Happy Feet Two,5.9,Elijah Wood,Robin Williams,Pink
Miami Vice,6.0,Colin Farrell,Jamie Foxx,Gong Li
The Nutcracker and the Four Realms,5.5,Mackenzie Foy,Keira Knightley,Morgan Freeman
War of the Worlds,6.5,Tom Cruise,Dakota Fanning,Tim Robbins
Penguins of Madagascar,6.7,Tom McGrath,Chris Miller,Christopher Knights
The Hunger Games: Catching Fire,7.5,Jennifer Lawrence,Josh Hutcherson,Liam Hemsworth
Harry Potter and the Prisoner of Azkaban,7.9,Daniel Radcliffe,Emma Watson,Rupert Grint
The Bourne Ultimatum,8.0,Matt Damon,Edgar Ramírez,Joan Allen
Ant-Man and the Wasp,7.0,Paul Rudd,Evangeline Lilly,Michael Peña
Kung Fu Panda,7.6,Jack Black,Ian McShane,Angelina Jolie
Ant-Man,7.3,Paul Rudd,Michael Douglas,Corey Stoll
Home,6.6,Jim Parsons,Rihanna,Steve Martin
Mary Poppins Returns,6.7,Emily Blunt,Lin-Manuel Miranda,Ben Whishaw
Puss in Boots,6.6,Antonio Banderas,Salma Hayek,Zach Galifianakis
Megamind,7.3,Will Ferrell,Jonah Hill,Brad Pitt
Bad Boys II,6.6,Will Smith,Martin Lawrence,Gabrielle Union
Rio 2,6.3,Jesse Eisenberg,Anne Hathaway,Jemaine Clement
Salt,6.5,Angelina Jolie,Liev Schreiber,Chiwetel Ejiofor
Noah,5.8,Russell Crowe,Jennifer Connelly,Anthony Hopkins
The Adventures of Tintin,7.3,Jamie Bell,Andy Serkis,Daniel Craig
After Earth,4.8,Jaden Smith,David Denman,Will Smith
Australia,6.6,Nicole Kidman,Hugh Jackman,Shea Adams
R.I.P.D.,5.6,Ryan Reynolds,Jeff Bridges,Mary-Louise Parker
How to Train Your Dragon: The Hidden World,7.4,Jay Baruchel,America Ferrera,F. Murray Abraham
"The Twilight Saga: Breaking Dawn, Part 1",4.9,Kristen Stewart,Robert Pattinson,Taylor Lautner
Dinosaur,6.4,D.B. Sweeney,Julianna Margulies,Samuel E. Wright
Logan,8.1,Hugh Jackman,Patrick Stewart,Dafne Keen
Night at the Museum: Secret of the Tomb,6.2,Ben Stiller,Robin Williams,Owen Wilson
Harry Potter and the Deathly Hallows: Part II,,,,
The Hunger Games: Mockingjay - Part 1,6.6,Jennifer Lawrence,Josh Hutcherson,Liam Hemsworth
Harry Potter and the Sorcerer’s Stone,7.6,Daniel Radcliffe,Rupert Grint,Richard Harris
Jumanji: The Next Level,6.7,Dwayne Johnson,Jack Black,Kevin Hart
Harry Potter and the Deathly Hallows: Part I,,,,
The Da Vinci Code,6.6,Tom Hanks,Audrey Tautou,Jean Reno
X-Men 2,,,,
Fast Five,7.3,Vin Diesel,Paul Walker,Dwayne Johnson
Teenage Mutant Ninja Turtles,5.8,Megan Fox,Will Arnett,William Fichtner
Sherlock Holmes: A Game of Shadows,7.4,Robert Downey Jr.,Jude Law,Jared Harris
The Day After Tomorrow,6.4,Dennis Quaid,Jake Gyllenhaal,Emmy Rossum
The Boss Baby,6.3,Alec Baldwin,Steve Buscemi,Jimmy Kimmel
Clash of the Titans,5.8,Sam Worthington,Liam Neeson,Ralph Fiennes
Trolls,6.5,Anna Kendrick,Justin Timberlake,Zooey Deschanel
Prometheus,7.0,Noomi Rapace,Logan Marshall-Green,Michael Fassbender
The Bourne Legacy,6.6,Jeremy Renner,Rachel Weisz,Edward Norton
Skyscraper,5.8,Dwayne Johnson,Neve Campbell,Chin Han
Total Recall,6.2,Colin Farrell,Bokeem Woodbine,Bryan Cranston
Assassin’s Creed,5.7,Michael Fassbender,Marion Cotillard,Jeremy Irons
Monster Trucks,5.6,Lucas Till,Jane Levy,Thomas Lennon
How the Grinch Stole Christmas,6.2,Jim Carrey,Taylor Momsen,Kelley
Mission: Impossible 2,,,,
The Perfect Storm,6.4,George Clooney,Mark Wahlberg,John C. Reilly
Jason Bourne,6.6,Matt Damon,Tommy Lee Jones,Alicia Vikander
Fantastic Four: Rise of the Silver Surfer,5.6,Ioan Gruffudd,Jessica Alba,Chris Evans
Life of Pi,7.9,Suraj Sharma,Irrfan Khan,Adil Hussain
Ghost Rider,5.2,Nicolas Cage,Eva Mendes,Sam Elliott
Rampage,6.1,Dwayne Johnson,Naomie Harris,Malin Akerman
Charlie's Angels: Full Throttle,4.9,Drew Barrymore,Lucy Liu,Cameron Diaz
Elysium,6.6,Matt Damon,Jodie Foster,Sharlto Copley
Oblivion,7.0,Tom Cruise,Morgan Freeman,Andrea Riseborough
Power Rangers,5.9,Dacre Montgomery,Naomi Scott,RJ Cyler
Stuart Little 2,5.5,Michael J. Fox,Geena Davis,Hugh Laurie
RoboCop,6.2,Joel Kinnaman,Gary Oldman,Michael Keaton
The Chronicles of Riddick,6.6,Vin Diesel,Judi Dench,Colm Feore
The Fantastic Four,,,,
Speed Racer,6.0,Emile Hirsch,Matthew Fox,Christina Ricci
The Island,6.9,Scarlett Johansson,Ewan McGregor,Djimon Hounsou
How Do You Know?,5.4,Reese Witherspoon,Paul Rudd,Owen Wilson
Knight and Day,6.3,Tom Cruise,Cameron Diaz,Peter Sarsgaard
Venom,6.7,Tom Hardy,Michelle Williams,Riz Ahmed
Star Wars Episode III: Revenge of the Sith,7.6,Hayden Christensen,Natalie Portman,Ewan McGregor
Star Wars Episode II: Attack of the Clones,6.6,Hayden Christensen,Natalie Portman,Ewan McGregor
"Monsters, Inc.",8.1,Billy Crystal,John Goodman,Mary Gibbs
The Wolverine,6.7,Hugh Jackman,Will Yun Lee,Tao Okamoto
The Huntsman: Winter’s War,6.1,Chris Hemsworth,Jessica Chastain,Charlize Theron
Windtalkers,6.1,Nicolas Cage,Adam Beach,Peter Stormare
Astérix aux Jeux Olympiques,5.1,Gérard Depardieu,Clovis Cornillac,Benoît Poelvoorde
Gulliver's Travels,4.9,Jack Black,Emily Blunt,Jason Segel
Ferdinand,6.7,John Cena,Kate McKinnon,Bobby Cannavale
Deadpool 2,7.7,Ryan Reynolds,Josh Brolin,Morena Baccarin
Gravity,7.7,Sandra Bullock,George Clooney,Ed Harris
Night at the Museum,6.4,Ben Stiller,Carla Gugino,Ricky Gervais
Mr. and Mrs. Smith,,,,
San Andreas,6.1,Dwayne Johnson,Carla Gugino,Alexandra Daddario
The Smurfs,5.4,Hank Azaria,Katy Perry,Jonathan Winters
Live Free or Die Hard,7.1,Bruce Willis,Justin Long,Timothy Olyphant
The Divergent Series: Insurgent,6.2,Shailene Woodley,Ansel Elgort,Theo James
Ocean's Twelve,6.5,George Clooney,Brad Pitt,Julia Roberts
The Patriot,7.2,Mel Gibson,Heath Ledger,Joely Richardson
300: Rise of an Empire,6.2,Sullivan Stapleton,Eva Green,Lena Headey
The Aviator,7.5,Leonardo DiCaprio,Cate Blanchett,Kate Beckinsale
Passengers,7.0,Jennifer Lawrence,Chris Pratt,Michael Sheen
The Green Hornet,5.8,Seth Rogen,Jay Chou,Christoph Waltz
Miss Peregrine’s Home for Peculiar Children,6.7,Eva Green,Asa Butterfield,Samuel L. Jackson
Real Steel,7.1,Hugh Jackman,Evangeline Lilly,Dakota Goyo
Men in Black: International,5.6,Chris Hemsworth,Tessa Thompson,Kumail Nanjiani
The A-Team,6.7,Liam Neeson,Bradley Cooper,Sharlto Copley
The Smurfs 2,5.3,Neil Patrick Harris,Jayma Mays,Katy Perry
The Divergent Series: Allegiant,,,,
The Taking of Pelham 123,6.4,Denzel Washington,John Travolta,Luis Guzmán
Ender's Game,6.6,Harrison Ford,Asa Butterfield,Hailee Steinfeld
Home on the Range,5.4,Judi Dench,Cuba Gooding Jr.,Jennifer Tilly
Kingdom of Heaven,7.2,Orlando Bloom,Eva Green,Liam Neeson
Ghost in the Shell,6.3,Scarlett Johansson,Pilou Asbæk,Takeshi Kitano
Around the World in 80 Days,5.8,Jackie Chan,Steve Coogan,Jim Broadbent
Dr. Seuss’ The Cat in the Hat,,,,
Ali,6.7,Will Smith,Jamie Foxx,Jon Voight
The Martian,8.0,Matt Damon,Jessica Chastain,Kristen Wiig
Allied,7.1,Brad Pitt,Marion Cotillard,Jared Harris
"I, Robot",7.1,Will Smith,Bridget Moynahan,Bruce Greenwood
The Princess and the Frog,7.1,Anika Noni Rose,Keith David,Oprah Winfrey
"10,000 B.C.",,,,
Ice Age: Collision Course,5.7,Ray Romano,Denis Leary,John Leguizamo
Town & Country,4.5,Warren Beatty,Diane Keaton,Nastassja Kinski
Kingsman: The Golden Circle,6.7,Taron Egerton,Colin Firth,Mark Strong
Gone in 60 Seconds,6.5,Nicolas Cage,Angelina Jolie,Giovanni Ribisi
Gladiator,8.5,Russell Crowe,Joaquin Phoenix,Connie Nielsen
The Hangover 3,,,,
A Wrinkle in Time,4.2,Storm Reid,Oprah Winfrey,Reese Witherspoon
Public Enemies,7.0,Christian Bale,Johnny Depp,Christian Stolte
Casino Royale,8.0,Daniel Craig,Eva Green,Judi Dench
Minority Report,7.7,Tom Cruise,Colin Farrell,Samantha Morton
Bumblebee,6.7,Hailee Steinfeld,Jorge Lendeborg Jr.,John Cena
Cloud Atlas,7.4,Tom Hanks,Halle Berry,Hugh Grant
Harry Potter and the Chamber of Secrets,7.4,Daniel Radcliffe,Rupert Grint,Emma Watson
Planet of the Apes,5.7,Mark Wahlberg,Helena Bonham Carter,Tim Roth
National Treasure,6.9,Nicolas Cage,Diane Kruger,Justin Bartha
Django Unchained,8.5,Jamie Foxx,Christoph Waltz,Leonardo DiCaprio
1917,8.3,Dean-Charles Chapman,George MacKay,Daniel Mays
Little Fockers,5.5,Ben Stiller,Teri Polo,Robert De Niro
American Gangster,7.8,Denzel Washington,Russell Crowe,Chiwetel Ejiofor
Cloudy with a Chance of Meatballs,7.0,Anna Faris,Bill Hader,Bruce Campbell
The Other Guys,6.6,Will Ferrell,Mark Wahlberg,Derek Jeter
Lemony Snicket's A Series of Unfortunate Events,,,,
The Wolf of Wall Street,8.2,Leonardo DiCaprio,Jonah Hill,Margot Robbie
Epic,6.6,Amanda Seyfried,Josh Hutcherson,Beyoncé
The Emperor's New Groove,7.4,David Spade,John Goodman,Eartha Kitt
The Expendables 2,6.6,Sylvester Stallone,Liam Hemsworth,Randy Couture
Where the Wild Things Are,6.7,Max Records,Catherine O'Hara,Forest Whitaker
Eragon,5.1,Ed Speleers,Sienna Guillory,Jeremy Irons
Hercules,6.0,Dwayne Johnson,John Hurt,Ian McShane
The Tourist,6.0,Johnny Depp,Angelina Jolie,Paul Bettany
Spies in Disguise,6.8,Rachel Brosnahan,Jarrett Bruno,Claire Crosby
The Stepford Wives,5.3,Nicole Kidman,Bette Midler,Matthew Broderick
Surf’s Up,6.7,Shia LaBeouf,Zooey Deschanel,Jon Heder
Blood Diamond,8.0,Leonardo DiCaprio,Djimon Hounsou,Jennifer Connelly
Midway,6.7,Ed Skrein,Patrick Wilson,Woody Harrelson
Legend of the Guardians: The Owls of Ga'Hoole,6.9,Jim Sturgess,Hugo Weaving,David Wenham
Land of the Lost,5.3,Will Ferrell,Danny McBride,Anna Friel
Peter Pan,6.8,Jeremy Sumpter,Jason Isaacs,Olivia Williams
Wonder Park,5.8,Sofia Mali,Jennifer Garner,Ken Hudson Campbell
Catwoman,3.4,Halle Berry,Sharon Stone,Benjamin Bratt
The Expendables 3,6.1,Sylvester Stallone,Jason Statham,Jet Li
Treasure Planet,7.2,Joseph Gordon-Levitt,Emma Thompson,Martin Short
Green Zone,6.8,Matt Damon,Jason Isaacs,Greg Kinnear
Geostorm,5.3,Gerard Butler,Jim Sturgess,Abbie Cornish
Point Break,5.3,Edgar Ramírez,Luke Bracey,Ray Winstone
Cats,2.8,James Corden,Judi Dench,Jason Derulo
In the Heart of the Sea,6.9,Chris Hemsworth,Cillian Murphy,Brendan Gleeson
Transcendence,6.2,Johnny Depp,Rebecca Hall,Morgan Freeman
Son of the Mask,2.2,Jamie Kennedy,Traylor Howard,Alan Cumming
Mortal Engines,6.1,Hera Hilmar,Robert Sheehan,Hugo Weaving
The Adventures of Pluto Nash,3.8,Eddie Murphy,Jay Mohr,Randy Quaid
Jin líng shí san chai,,,,
The Peanuts Movie,7.0,Noah Schnapp,Bill Melendez,Hadley Belle Miller
The LEGO Movie 2: The Second Part,6.6,Chris Pratt,Elizabeth Banks,Will Arnett
Robin Hood,5.3,Taron Egerton,Jamie Foxx,Ben Mendelsohn
The Mummy Returns,6.4,Brendan Fraser,Rachel Weisz,John Hannah
Ford v. Ferrari,8.1,Matt Damon,Christian Bale,Jon Bernthal
Gangs of New York,7.5,Leonardo DiCaprio,Cameron Diaz,Daniel Day-Lewis
Alien: Covenant,6.4,Michael Fassbender,Katherine Waterston,Billy Crudup
Cinderella,6.9,Lily James,Cate Blanchett,Richard Madden
Ice Age: Continental Drift,6.5,Ray Romano,Denis Leary,John Leguizamo
Black Hawk Down,7.7,Josh Hartnett,Ewan McGregor,Tom Sizemore
Sex and the City 2,4.5,Sarah Jessica Parker,Kim Cattrall,Kristin Davis
Percy Jackson & the Olympians: The Lightning Thief,5.9,Logan Lerman,Kevin McKidd,Steve Coogan
The Campaign,6.1,Will Ferrell,Zach Galifianakis,Jason Sudeikis
Unstoppable,6.8,Denzel Washington,Chris Pine,Rosario Dawson
The Road to El Dorado,6.9,Kevin Kline,Kenneth Branagh,Rosie Perez
The Lovely Bones,6.6,Rachel Weisz,Mark Wahlberg,Saoirse Ronan
Ben-Hur,5.7,Jack Huston,Toby Kebbell,Rodrigo Santoro
Seventh Son,5.5,Ben Barnes,Julianne Moore,Jeff Bridges
Finding Nemo,8.2,Albert Brooks,Ellen DeGeneres,Alexander Gould
The Lord of the Rings: The Return of the King,9.0,Elijah Wood,Viggo Mortensen,Ian McKellen
The Lord of the Rings: The Two Towers,8.8,Elijah Wood,Ian McKellen,Viggo Mortensen
Lara Croft: Tomb Raider,5.7,Angelina Jolie,Jon Voight,Iain Glen
Kingsman: The Secret Service,,,,
The Lord of the Rings: The Fellowship of the Ring,8.9,Elijah Wood,Ian McKellen,Orlando Bloom
Jurassic Park III,5.9,Sam Neill,William H. Macy,Téa Leoni
Rise of the Planet of the Apes,7.6,James Franco,Andy Serkis,Freida Pinto
The Spiderwick Chronicles,6.5,Freddie Highmore,Sarah Bolger,David Strathairn
The Incredibles,8.1,Craig T. Nelson,Samuel L. Jackson,Holly Hunter
A Good Day to Die Hard,5.2,Bruce Willis,Jai Courtney,Sebastian Koch
The Alamo,6.0,Dennis Quaid,Billy Bob Thornton,Emilio Echevarría
The Secret Life of Walter Mitty,7.3,Ben Stiller,Kristen Wiig,Jon Daly
Jumanji: Welcome to the Jungle,6.9,Dwayne Johnson,Karen Gillan,Kevin Hart
Rush Hour 2,6.6,Jackie Chan,Chris Tucker,John Lone
Sherlock Holmes,7.6,Robert Downey Jr.,Jude Law,Rachel McAdams
Ice Age: Dawn of the Dinosaurs,6.9,Ray Romano,John Leguizamo,Denis Leary
Spider-Man: Into The Spider-Verse 3D,,,,
What Lies Beneath,6.6,Harrison Ford,Michelle Pfeiffer,Katharine Towne
Rio,6.9,Jesse Eisenberg,Anne Hathaway,George Lopez
Once Upon a Time…in Hollywood,7.6,Leonardo DiCaprio,Brad Pitt,Margot Robbie
The Departed,8.5,Leonardo DiCaprio,Matt Damon,Jack Nicholson
Charlie's Angels,5.6,Cameron Diaz,Drew Barrymore,Lucy Liu
Tropic Thunder,7.0,Ben Stiller,Jack Black,Robert Downey Jr.
The Girl with the Dragon Tattoo,7.8,Daniel Craig,Rooney Mara,Christopher Plummer
You Don't Mess With the Zohan,5.6,Adam Sandler,John Turturro,Emmanuelle Chriqui
The Magnificent Seven,6.9,Denzel Washington,Chris Pratt,Ethan Hawke
Alvin and the Chipmunks: The Road Chip,5.0,Jason Lee,Justin Long,Matthew Gray Gubler
Atlantis: The Lost Empire,6.9,Michael J. Fox,Jim Varney,Corey Burton
Valkyrie,7.1,Tom Cruise,Bill Nighy,Carice van Houten
Pixels,5.6,Adam Sandler,Kevin James,Michelle Monaghan
Artificial Intelligence: AI,,,,
The Haunted Mansion,5.1,Eddie Murphy,Marsha Thomason,Jennifer Tilly
Hollow Man,5.8,Kevin Bacon,Elisabeth Shue,Josh Brolin
The Interpreter,6.4,Nicole Kidman,Sean Penn,Catherine Keener
Percy Jackson: Sea of Monsters,5.8,Logan Lerman,Alexandra Daddario,Brandon T. Jackson
Lara Croft: Tomb Raider: The Cradle of Life,5.5,Angelina Jolie,Gerard Butler,Chris Barrie
Now You See Me 2,6.4,Jesse Eisenberg,Mark Ruffalo,Woody Harrelson
Spy Game,7.1,Robert Redford,Brad Pitt,Catherine McCormack
Mission to Mars,5.6,Tim Robbins,Gary Sinise,Don Cheadle
Tomb Raider,6.3,Alicia Vikander,Dominic West,Walton Goggins
King Arthur,6.3,Clive Owen,Stephen Dillane,Keira Knightley
K-19: The Widowmaker,6.7,Harrison Ford,Sam Spruell,Peter Stebbings
Conan the Barbarian,5.1,Jason Momoa,Ron Perlman,Rose McGowan
The Three Musketeers,5.7,Logan Lerman,Matthew Macfadyen,Ray Stevenson
The Promise,5.9,Bee Namthip,Apichaya Thongkham,Thunyaphat Pattarateerachaicharoen
The Nutcracker in 3D,4.1,Richard Philipps,Fernanda Dorogi,Kriszta Dorogi
Cinderella Man,8.0,Russell Crowe,Renée Zellweger,Craig Bierko
The Predator,5.3,Boyd Holbrook,Trevante Rhodes,Jacob Tremblay
Fantastic Four,5.7,Ioan Gruffudd,Michael Chiklis,Chris Evans
Hannibal,6.8,Anthony Hopkins,Julianne Moore,Gary Oldman
Seabiscuit,7.3,Tobey Maguire,Jeff Bridges,Elizabeth Banks
Cast Away,7.8,Tom Hanks,Helen Hunt,Paul Sanchez
Happy Feet,6.4,Elijah Wood,Brittany Murphy,Hugh Jackman
Ocean's Eleven,7.7,George Clooney,Brad Pitt,Julia Roberts
The Bourne Supremacy,7.7,Matt Damon,Franka Potente,Joan Allen
Fast & Furious,6.6,Vin Diesel,Paul Walker,Michelle Rodriguez
Horton Hears a Who,6.8,Jim Carrey,Steve Carell,Carol Burnett
Divergent,6.7,Shailene Woodley,Theo James,Kate Winslet
Hotel Transylvania,7.1,Adam Sandler,Kevin James,Andy Samberg
Shazam!,7.0,Zachary Levi,Mark Strong,Asher Angel
Enchanted,7.1,Amy Adams,Susan Sarandon,James Marsden
Safe House,6.7,Denzel Washington,Ryan Reynolds,Robert Patrick
I Now Pronounce You Chuck and Larry,,,,
Ocean's Thirteen,6.9,George Clooney,Brad Pitt,Matt Damon
It’s Complicated,6.5,Meryl Streep,Steve Martin,Alec Baldwin
Open Season,6.1,Ashton Kutcher,Martin Lawrence,Debra Messing
Tower Heist,6.2,Eddie Murphy,Ben Stiller,Casey Affleck
102 Dalmatians,4.8,Glenn Close,Gérard Depardieu,Ioan Gruffudd
Mirror Mirror,5.6,Lily Collins,Julia Roberts,Armie Hammer
The Holiday,6.9,Kate Winslet,Cameron Diaz,Jude Law
The Fast and the Furious: Tokyo Drift,6.0,Lucas Black,Zachery Ty Bryan,Shad Moss
Memoirs of a Geisha,7.3,Ziyi Zhang,Ken Watanabe,Michelle Yeoh
Enemy at the Gates,7.6,Jude Law,Ed Harris,Joseph Fiennes
The Rundown,6.6,Dwayne Johnson,Seann William Scott,Christopher Walken
Arthur Christmas,7.1,James McAvoy,Jim Broadbent,Bill Nighy
xXx: Return of Xander Cage,5.2,Vin Diesel,Donnie Yen,Deepika Padukone
Cats & Dogs: The Revenge of Kitty Galore,4.3,Bette Midler,Chris O'Donnell,Jack McBrayer
Collateral Damage,5.5,Arnold Schwarzenegger,John Leguizamo,Francesca Neri
Showtime,5.5,Robert De Niro,Eddie Murphy,Rene Russo
Zodiac,7.7,Jake Gyllenhaal,Robert Downey Jr.,Mark Ruffalo
Scott Pilgrim vs. The World,7.6,Michael Cera,Mary Elizabeth Winstead,Kieran Culkin
The Core,5.5,Aaron Eckhart,Hilary Swank,Delroy Lindo
The Greatest Showman,7.6,Hugh Jackman,Michelle Williams,Zac Efron
Scooby-Doo,5.2,Matthew Lillard,Freddie Prinze Jr.,Sarah Michelle Gellar
Nutty Professor II: The Klumps,4.4,Eddie Murphy,Janet Jackson,Larry Miller
RED 2,6.6,Bruce Willis,Helen Mirren,John Malkovich
Click,6.4,Adam Sandler,Kate Beckinsale,Christopher Walken
Charlotte\'s Web,,,,
Jumper,6.1,Hayden Christensen,Samuel L. Jackson,Jamie Bell
Hellboy II: The Golden Army,7.0,Ron Perlman,Selma Blair,Doug Jones
The Longest Yard,6.4,Adam Sandler,Burt Reynolds,Chris Rock
The Expendables,6.4,Sylvester Stallone,Jason Statham,Jet Li
The 6th Day,5.9,Arnold Schwarzenegger,Michael Rapaport,Tony Goldwyn
Bruce Almighty,6.8,Jim Carrey,Jennifer Aniston,Morgan Freeman
The Hunger Games,7.2,Jennifer Lawrence,Josh Hutcherson,Liam Hemsworth
The Hangover Part II,6.5,Bradley Cooper,Zach Galifianakis,Ed Helms
The Lego Batman Movie,7.3,Will Arnett,Michael Cera,Rosario Dawson
Hotel Transylvania 2,6.7,Adam Sandler,Andy Samberg,Selena Gomez
The Secret Life of Pets 2,6.5,Patton Oswalt,Kevin Hart,Harrison Ford
Over the Hedge,6.7,Bruce Willis,Garry Shandling,Steve Carell
Lilo & Stitch,7.3,Daveigh Chase,Chris Sanders,Tia Carrere
Grown Ups 2,5.3,Adam Sandler,Kevin James,Chris Rock
Alvin and the Chipmunks: Chipwrecked,4.3,Justin Long,Matthew Gray Gubler,Jesse McCartney
Get Smart,6.5,Steve Carell,Anne Hathaway,Alan Arkin
Robots,6.4,Ewan McGregor,Halle Berry,Mel Brooks
Shutter Island,8.2,Leonardo DiCaprio,Emily Mortimer,Mark Ruffalo
Something's Gotta Give,6.7,Jack Nicholson,Diane Keaton,Keanu Reeves
Four Christmases,5.7,Reese Witherspoon,Vince Vaughn,Mary Steenburgen
Bedtime Stories,6.0,Adam Sandler,Keri Russell,Courteney Cox
Road to Perdition,7.7,Tom Hanks,Tyler Hoechlin,Rob Maxey
Just Go With It,6.4,Adam Sandler,Jennifer Aniston,Brooklyn Decker
Daredevil,5.3,Ben Affleck,Jennifer Garner,Colin Farrell
Eagle Eye,6.6,Shia LaBeouf,Michelle Monaghan,Rosario Dawson
Yogi Bear,4.6,Dan Aykroyd,Justin Timberlake,Anna Faris
Cold Mountain,7.2,Jude Law,Nicole Kidman,Renée Zellweger
The Book of Eli,6.8,Denzel Washington,Mila Kunis,Ray Stevenson
Fury,7.6,Brad Pitt,Shia LaBeouf,Logan Lerman
Smallfoot,6.6,Channing Tatum,James Corden,Zendaya
The Pink Panther,5.6,Steve Martin,Kevin Kline,Jean Reno
Zookeeper,5.2,Kevin James,Rosario Dawson,Leslie Bibb
The Day the Earth Stood Still,5.5,Keanu Reeves,Jennifer Connelly,Kathy Bates
Spirit: Stallion of the Cimarron,7.2,Matt Damon,James Cromwell,Daniel Studi
Swordfish,6.5,John Travolta,Hugh Jackman,Halle Berry
The Manchurian Candidate,6.6,Denzel Washington,Liev Schreiber,Meryl Streep
Déjà Vu,7.1,Denzel Washington,Paula Patton,Jim Caviezel
Bewitched,4.8,Nicole Kidman,Will Ferrell,Shirley MacLaine
The Good Shepherd,6.7,Matt Damon,Angelina Jolie,Robert De Niro
The Time Machine,6.0,Guy Pearce,Yancey Arias,Mark Addy
Ad Astra,6.5,Brad Pitt,Tommy Lee Jones,Ruth Negga
The Legend of Zorro,5.9,Antonio Banderas,Catherine Zeta-Jones,Rufus Sewell
Little Nicky,5.3,Adam Sandler,Patricia Arquette,Harvey Keitel
Surrogates,6.3,Bruce Willis,Radha Mitchell,Ving Rhames
Evolution,6.1,David Duchovny,Orlando Jones,Julianne Moore
The Brothers Grimm,5.9,Matt Damon,Heath Ledger,Monica Bellucci
The Wild,5.2,Kiefer Sutherland,Jim Belushi,Eddie Izzard
Walking with Dinosaurs,5.2,Charlie Rowe,Karl Urban,Angourie Rice
Thirteen Days,7.3,Kevin Costner,Bruce Greenwood,Shawn Driscoll
The Last Witch Hunter,5.9,Vin Diesel,Rose Leslie,Elijah Wood
Pompeii,5.5,Kit Harington,Emily Browning,Kiefer Sutherland
Battlefield Earth: A Saga of the Year 3000,,,,
Looney Tunes: Back in Action,5.8,Brendan Fraser,Jenna Elfman,Steve Martin
Nine,7.9,Sharlto Copley,David James,Jason Cope
Timeline,5.6,Paul Walker,Gerard Butler,Billy Connolly
Oceans,7.5,Jet Li,Zhang Wen,Gwei Lun-Mei
Red Planet,5.7,Val Kilmer,Carrie-Anne Moss,Tom Sizemore
Arthur et les Minimoys,,,,
The Invasion,5.9,Nicole Kidman,Daniel Craig,Jeremy Northam
A Sound of Thunder,4.2,Edward Burns,Ben Kingsley,Catherine McCormack
The Aeronauts,6.6,Felicity Jones,Eddie Redmayne,Himesh Patel
Journey 2: The Mysterious Island,5.7,Josh Hutcherson,Dwayne Johnson,Michael Caine
Jack and Jill,3.3,Adam Sandler,Katie Holmes,Al Pacino
A Beautiful Mind,8.2,Russell Crowe,Ed Harris,Jennifer Connelly
Cloudy with a Chance of Meatballs 2,6.4,Bill Hader,Anna Faris,Will Forte
Red Dragon,7.2,Anthony Hopkins,Edward Norton,Ralph Fiennes
Hidalgo,6.7,Viggo Mortensen,Omar Sharif,Zuleikha Robinson
The League of Extraordinary Gentlemen,5.8,Sean Connery,Stuart Townsend,Peta Wilson
Exorcist: The Beginning,5.1,Stellan Skarsgård,Izabella Scorupco,James D'Arcy
Astérix et Obélix: Au service de Sa Majesté,,,,
The Little Prince,7.7,Jeff Bridges,Mackenzie Foy,Rachel McAdams
Renegades,5.4,J.K. Simmons,Sullivan Stapleton,Charlie Bewley
The Equalizer 2,6.7,Denzel Washington,Pedro Pascal,Ashton Sanders
Despicable Me 2,7.3,Steve Carell,Kristen Wiig,Benjamin Bratt
2 Fast 2 Furious,5.9,Paul Walker,Tyrese Gibson,Cole Hauser
Children of Men,7.9,Julianne Moore,Clive Owen,Chiwetel Ejiofor
The Adventures of Rocky & Bullwinkle,4.3,Robert De Niro,Rene Russo,Piper Perabo
The Secret Life of Pets,6.5,Louis C.K.,Eric Stonestreet,Kevin Hart
Dr. Seuss’ The Grinch,,,,
Sing,7.1,Matthew McConaughey,Reese Witherspoon,Seth MacFarlane
Despicable Me 3,6.3,Steve Carell,Kristen Wiig,Trey Parker
Ice Age: The Meltdown,6.8,Ray Romano,John Leguizamo,Denis Leary
Madagascar,6.9,Chris Rock,Ben Stiller,David Schwimmer
Grown Ups,5.9,Adam Sandler,Salma Hayek,Kevin James
Shark Tale,6.0,Will Smith,Robert De Niro,Renée Zellweger
X-Men,7.4,Patrick Stewart,Hugh Jackman,Ian McKellen
Wanted,6.7,Angelina Jolie,James McAvoy,Morgan Freeman
50 First Dates,6.8,Adam Sandler,Drew Barrymore,Rob Schneider
Mamma Mia: Here We Go Again!,6.6,Lily James,Amanda Seyfried,Meryl Streep
Hairspray,6.8,John Travolta,Queen Latifah,Nikki Blonsky
Now You See Me,7.2,Jesse Eisenberg,Common,Mark Ruffalo
Dreamgirls,6.6,Beyoncé,Jamie Foxx,Eddie Murphy
Christopher Robin,7.2,Ewan McGregor,Hayley Atwell,Bronte Carmichael
Immortals,6.0,Henry Cavill,Mickey Rourke,John Hurt
The Terminal,7.4,Tom Hanks,Catherine Zeta-Jones,Chi McBride
Constantine,7.0,Keanu Reeves,Rachel Weisz,Djimon Hounsou
Monster House,6.6,Mitchel Musso,Sam Lerner,Spencer Locke
Vertical Limit,5.9,Scott Glenn,Chris O'Donnell,Bill Paxton
Charlie Wilson’s War,7.0,Tom Hanks,Julia Roberts,Philip Seymour Hoffman
Abominable,7.0,Chloe Bennet,Albert Tsai,Tenzing Norgay Trainor
Be Cool,5.6,John Travolta,Uma Thurman,Dwayne Johnson
Munich,7.5,Eric Bana,Daniel Craig,Marie-Josée Croze
Killers,5.4,Katherine Heigl,Ashton Kutcher,Tom Selleck
The Man From U.N.C.L.E.,7.2,Henry Cavill,Armie Hammer,Alicia Vikander
Tears of the Sun,6.6,Bruce Willis,Cole Hauser,Monica Bellucci
Lady in the Water,5.5,Paul Giamatti,Bryce Dallas Howard,Jeffrey Wright
Spanglish,6.4,Adam Sandler,Téa Leoni,Paz Vega
Bandits,6.5,Bruce Willis,Billy Bob Thornton,Cate Blanchett
Sucker Punch,6.1,Emily Browning,Vanessa Hudgens,Abbie Cornish
Hostage,6.5,Bruce Willis,Kevin Pollak,Serena Scott Thomas
Inferno,6.2,Tom Hanks,Felicity Jones,Irrfan Khan
Hollywood Homicide,5.3,Harrison Ford,Josh Hartnett,Isaiah Washington
Titan A.E.,6.6,Matt Damon,Drew Barrymore,Bill Pullman
Flight of the Phoenix,6.1,Dennis Quaid,Miranda Otto,Giovanni Ribisi
Monkeybone,4.8,Brendan Fraser,Bridget Fonda,John Turturro
PLAYMOBIL,4.8,Anya Taylor-Joy,Jim Gaffigan,Gabriel Bateman
Minions,6.4,Sandra Bullock,Jon Hamm,Michael Keaton
The SpongeBob Movie: Sponge Out of Water,6.0,Tom Kenny,Antonio Banderas,Bill Fagerbakke
Unbreakable,7.3,Bruce Willis,Samuel L. Jackson,Robin Wright
Talladega Nights: The Ballad of Ricky Bobby,6.6,Will Ferrell,John C. Reilly,Sacha Baron Cohen
The Angry Birds Movie,6.3,Jason Sudeikis,Josh Gad,Danny McBride
The Simpsons Movie,7.3,Dan Castellaneta,Julie Kavner,Nancy Cartwright
Fool’s Gold,5.7,Matthew McConaughey,Kate Hudson,Donald Sutherland
Funny People,6.3,Adam Sandler,Seth Rogen,Leslie Mann
The Kingdom,7.0,Jamie Foxx,Chris Cooper,Jennifer Garner
Dr. Dolittle 2,4.7,Eddie Murphy,Cedric the Entertainer,Kristen Wilson
Jarhead,7.0,Jake Gyllenhaal,Jamie Foxx,Lucas Black
Driven,4.6,Sylvester Stallone,Kip Pardue,Til Schweiger
The Majestic,6.9,Jim Carrey,Martin Landau,Bob Balaban
Two Brothers,7.0,Guy Pearce,Freddie Highmore,Jean-Claude Dreyfus
The Village,6.6,Sigourney Weaver,William Hurt,Joaquin Phoenix
Signs,6.8,Mel Gibson,Joaquin Phoenix,Rory Culkin
Shrek 2,7.3,Mike Myers,Eddie Murphy,Cameron Diaz
Cars,7.2,Owen Wilson,Bonnie Hunt,Paul Newman
Alvin and the Chipmunks: The Squeakquel,4.5,Jason Lee,Zachary Levi,David Cross
It: Chapter Two,6.5,Jessica Chastain,James McAvoy,Bill Hader
xXx,5.8,Vin Diesel,Asia Argento,Marton Csokas
Ocean’s 8,6.3,Sandra Bullock,Cate Blanchett,Anne Hathaway
Inglourious Basterds,8.3,Brad Pitt,Diane Kruger,Eli Roth
S.W.A.T.,6.0,Samuel L. Jackson,Colin Farrell,Michelle Rodriguez
Daddy’s Home 2,6.0,Will Ferrell,Mark Wahlberg,Mel Gibson
Vanilla Sky,6.9,Tom Cruise,Penélope Cruz,Cameron Diaz
Olympus Has Fallen,6.5,Gerard Butler,Aaron Eckhart,Morgan Freeman
Battle: Los Angeles,5.7,Aaron Eckhart,Michelle Rodriguez,Bridget Moynahan
AVP: Alien Vs. Predator,5.6,Sanaa Lathan,Lance Henriksen,Raoul Bova
War Horse,7.2,Jeremy Irvine,Emily Watson,David Thewlis
We Were Soldiers,7.2,Mel Gibson,Madeleine Stowe,Greg Kinnear
The Monuments Men,6.1,George Clooney,Matt Damon,Bill Murray
Storks,6.8,Andy Samberg,Katie Crown,Kelsey Grammer
Big Fish,8.0,Ewan McGregor,Albert Finney,Billy Crudup
Underworld: Awakening,6.3,Kate Beckinsale,Michael Ealy,India Eisley
The Lego Ninjago Movie,6.0,Jackie Chan,Dave Franco,Fred Armisen
Dracula Untold,6.2,Luke Evans,Dominic Cooper,Sarah Gadon
The Guardian,6.9,Kevin Costner,Ashton Kutcher,Sela Ward
Wall Street 2: Money Never Sleeps,,,,
The Dilemma,5.3,Vince Vaughn,Kevin James,Winona Ryder
Rumor Has It,5.5,Jennifer Aniston,Mark Ruffalo,Shirley MacLaine
Stardust,7.6,Charlie Cox,Claire Danes,Sienna Miller
Rock of Ages,5.9,Julianne Hough,Diego Boneta,Tom Cruise
Sky Captain and the World of Tomorrow,6.1,Gwyneth Paltrow,Jude Law,Angelina Jolie
The Brave One,6.7,Jodie Foster,Terrence Howard,Naveen Andrews
I Spy,5.4,Eddie Murphy,Owen Wilson,Famke Janssen
Bad Company,5.6,Anthony Hopkins,Chris Rock,Peter Stormare
Doom,5.2,Karl Urban,Rosamund Pike,Dwayne Johnson
The Finest Hours,6.7,Chris Pine,Casey Affleck,Ben Foster
Escape Plan,6.7,Sylvester Stallone,Arnold Schwarzenegger,50 Cent
Killer Elite,6.4,Jason Statham,Clive Owen,Robert De Niro
Hart's War,6.3,Bruce Willis,Colin Farrell,Terrence Howard
Rollerball,3.1,Chris Klein,Jean Reno,LL Cool J
The Legend of Hercules,4.2,Kellan Lutz,Gaia Weiss,Scott Adkins
Next,6.5,William Atherton,Blythe Auffarth,Blanche Baker
Ballistic: Ecks vs. Sever,3.6,Antonio Banderas,Lucy Liu,Talisa Soto
Osmosis Jones,6.3,Laurence Fishburne,Chris Rock,David Hyde Pierce
Legends of Oz: Dorothy’s Return,,,,
Blackhat,5.4,Chris Hemsworth,Viola Davis,Tang Wei
Basic Instinct 2,4.3,Sharon Stone,David Morrissey,David Thewlis
Agora,8.0,Wagner Moura,Irandhir Santos,André Ramiro
Despicable Me,7.6,Steve Carell,Jason Segel,Russell Brand
Dinner for Schmucks,5.9,Steve Carell,Paul Rudd,Stephanie Szostak
Red Sparrow,6.6,Jennifer Lawrence,Joel Edgerton,Matthias Schoenaerts
The Twilight Saga: Eclipse,5.0,Kristen Stewart,Robert Pattinson,Taylor Lautner
The Sum of All Fears,6.4,Ben Affleck,Morgan Freeman,Ian Mongrain
Ted 2,6.3,Mark Wahlberg,Seth MacFarlane,Amanda Seyfried
The Score,6.8,Robert De Niro,Edward Norton,Marlon Brando
Hall Pass,5.9,Owen Wilson,Jason Sudeikis,Christina Applegate
Dreamcatcher,5.5,Morgan Freeman,Thomas Jane,Jason Lee
Downsizing,5.7,Matt Damon,Christoph Waltz,Hong Chau
Dr. Seuss’ The Lorax,,,,
Body of Lies,7.0,Leonardo DiCaprio,Russell Crowe,Mark Strong
Abraham Lincoln: Vampire Hunter,5.9,Benjamin Walker,Rufus Sewell,Dominic Cooper
The Last Legion,5.4,Colin Firth,Ben Kingsley,Aishwarya Rai Bachchan
The Dark Tower,5.6,Idris Elba,Matthew McConaughey,Tom Taylor
Need for Speed,6.4,Aaron Paul,Dominic Cooper,Imogen Poots
What Women Want,6.4,Mel Gibson,Helen Hunt,Marisa Tomei
Lincoln,7.3,Daniel Day-Lewis,Sally Field,David Strathairn
Ice Age,7.5,Denis Leary,John Leguizamo,Ray Romano
Hotel Transylvania 3: Summer Vacation,6.3,Adam Sandler,Andy Samberg,Selena Gomez
Les Misérables,7.6,Hugh Jackman,Russell Crowe,Anne Hathaway
The Santa Clause 2,5.7,Tim Allen,Spencer Breslin,Elizabeth Mitchell
Unbroken,7.2,Jack O'Connell,Miyavi,Domhnall Gleeson
Spy!,7.0,Melissa McCarthy,Rose Byrne,Jude Law
Due Date,6.5,Robert Downey Jr.,Zach Galifianakis,Michelle Monaghan
Step Brothers,6.9,Will Ferrell,John C. Reilly,Mary Steenburgen
Space Cowboys,6.5,Clint Eastwood,Tommy Lee Jones,Donald Sutherland
Annie,5.3,Quvenzhané Wallis,Cameron Diaz,Jamie Foxx
Pete’s Dragon,6.7,Bryce Dallas Howard,Robert Redford,Oakes Fegley
World Trade Center,6.0,Nicolas Cage,Michael Peña,Maria Bello
The Kid,6.1,Bruce Willis,Spencer Breslin,Emily Mortimer
Mona Lisa Smile,6.5,Julia Roberts,Kirsten Dunst,Julia Stiles
The Dictator,6.4,Sacha Baron Cohen,Anna Faris,John C. Reilly
This Means War,6.3,Reese Witherspoon,Chris Pine,Tom Hardy
Focus,6.6,Will Smith,Margot Robbie,Rodrigo Santoro
Blade: Trinity,5.8,Wesley Snipes,Kris Kristofferson,Parker Posey
Red Dawn,5.3,Chris Hemsworth,Isabel Lucas,Josh Hutcherson
We Are Marshall,7.1,Matthew McConaughey,Matthew Fox,Anthony Mackie
Everest,7.1,Jason Clarke,Ang Phula Sherpa,Thomas M. Wright
Resident Evil: Retribution,5.3,Milla Jovovich,Sienna Guillory,Michelle Rodriguez
The Angry Birds Movie 2,6.4,Jason Sudeikis,Josh Gad,Leslie Jones
Death Race,6.4,Jason Statham,Joan Allen,Tyrese Gibson
Proof of Life,6.3,Meg Ryan,Russell Crowe,David Morse
Zathura,6.2,Josh Hutcherson,Jonah Bobo,Dax Shepard
The Missing,6.5,Tommy Lee Jones,Cate Blanchett,Evan Rachel Wood
Elektra,4.7,Jennifer Garner,Goran Visnjic,Will Yun Lee
Astro Boy,6.3,Freddie Highmore,Nicolas Cage,Kristen Bell
"I, Frankenstein",5.1,Aaron Eckhart,Bill Nighy,Miranda Otto
Underwater,,,,
Sin City: A Dame to Kill For,6.5,Mickey Rourke,Jessica Alba,Josh Brolin
Live by Night,6.4,Ben Affleck,Elle Fanning,Brendan Gleeson
Lucky Numbers,5.0,John Travolta,Lisa Kudrow,Tim Roth
Oliver Twist,6.8,Barney Clark,Ben Kingsley,Jeremy Swift
Tian jiang xiong shi,5.9,Jackie Chan,John Cusack,Adrien Brody
Air Strike,3.2,Ye Liu,Bruce Willis,Song Seung-heon
Little Man,4.4,Shawn Wayans,Marlon Wayans,Kerry Washington
Perfume: The Story of a Murderer,7.5,Ben Whishaw,Dustin Hoffman,Alan Rickman
Austin Powers in Goldmember,6.2,Mike Myers,Beyoncé,Seth Green
Hop,5.4,Russell Brand,James Marsden,Elizabeth Perkins
American Assassin,6.2,Dylan O'Brien,Michael Keaton,Sanaa Lathan
U-571,6.6,Matthew McConaughey,Bill Paxton,Harvey Keitel
The Hateful Eight,7.8,Samuel L. Jackson,Kurt Russell,Jennifer Jason Leigh
The Love Guru,3.8,Mike Myers,Jessica Alba,Romany Malco
3000 Miles to Graceland,5.9,Kurt Russell,Kevin Costner,Courteney Cox
Gone Girl,8.1,Ben Affleck,Rosamund Pike,Neil Patrick Harris
Blades of Glory,6.3,Will Ferrell,Jon Heder,Amy Poehler
Maze Runner: The Scorch Trials,6.3,Dylan O'Brien,Kaya Scodelario,Thomas Brodie-Sangster
2 Guns,6.7,Denzel Washington,Mark Wahlberg,Paula Patton
Maze Runner: The Death Cure,6.2,Dylan O'Brien,Ki Hong Lee,Kaya Scodelario
A Dog’s Way Home,6.7,Ashley Judd,Jonah Hauer-King,Edward James Olmos
Mei Ren Yu,6.2,Chao Deng,Show Lo,Yuqi Zhang
Meet the Fockers,6.3,Ben Stiller,Robert De Niro,Blythe Danner
The Lego Movie,7.7,Chris Pratt,Will Ferrell,Elizabeth Banks
300,,Mariana Liquitaya,Lida Aquise,Rimber Caballero
Wild Hogs,5.9,Tim Allen,Martin Lawrence,John Travolta
Marley & Me,7.1,Owen Wilson,Jennifer Aniston,Eric Dane
Sully,7.4,Tom Hanks,Aaron Eckhart,Laura Linney
The Bourne Identity,7.9,Franka Potente,Matt Damon,Chris Cooper
Couples Retreat,5.5,Vince Vaughn,Malin Akerman,Jon Favreau
The Italian Job,7.0,Donald Sutherland,Mark Wahlberg,Edward Norton
Daddy Day Care,5.6,Eddie Murphy,Jeff Garlin,Anjelica Huston
Collateral,7.5,Tom Cruise,Jamie Foxx,Jada Pinkett Smith
Cats & Dogs,5.1,Alec Baldwin,Tobey Maguire,Jeff Goldblum
Two Weeks Notice,6.1,Sandra Bullock,Hugh Grant,Alicia Witt
The Scorpion King,5.5,Dwayne Johnson,Steven Brand,Michael Clarke Duncan
Red,7.0,Bruce Willis,Helen Mirren,Morgan Freeman
Starsky & Hutch,6.1,Ben Stiller,Owen Wilson,Snoop Dogg
Cheaper by the Dozen 2,5.5,Steve Martin,Bonnie Hunt,Hilary Duff
Eat Pray Love,5.8,Julia Roberts,Javier Bardem,Richard Jenkins
Jack Reacher,7.0,Tom Cruise,Rosamund Pike,Richard Jenkins
Man on Fire,7.7,Denzel Washington,Christopher Walken,Dakota Fanning
The Family Man,6.8,Nicolas Cage,Téa Leoni,Don Cheadle
Contagion,6.8,Matt Damon,Kate Winslet,Jude Law
Coraline,7.7,Dakota Fanning,Teri Hatcher,John Hodgman
Ladder 49,6.5,Joaquin Phoenix,John Travolta,Jacinda Barrett
Michael Jackson's This Is It,,,,
Kangaroo Jack,4.5,Anthony Anderson,Jerry O'Connell,Estella Warren
The Happening,5.0,Mark Wahlberg,Zooey Deschanel,John Leguizamo
London Has Fallen,5.9,Gerard Butler,Aaron Eckhart,Morgan Freeman
Rules of Engagement,6.4,Tommy Lee Jones,Samuel L. Jackson,Guy Pearce
The Shaggy Dog,4.4,Tim Allen,Kristin Davis,Craig Kilborn
Hellboy,6.9,Ron Perlman,Doug Jones,Selma Blair
Jack Reacher: Never Go Back,6.1,Tom Cruise,Cobie Smulders,Aldis Hodge
Baywatch,5.5,Dwayne Johnson,Zac Efron,Alexandra Daddario
Joy,6.6,Jennifer Lawrence,Robert De Niro,Bradley Cooper
ParaNorman,7.0,Kodi Smit-McPhee,Anna Kendrick,Christopher Mintz-Plasse
Paycheck,6.3,Ben Affleck,Aaron Eckhart,Uma Thurman
The Tale of Despereaux,6.1,Matthew Broderick,Emma Watson,Dustin Hoffman
The Boxtrolls,6.8,Ben Kingsley,Jared Harris,Nick Frost
The Tuxedo,5.4,Jackie Chan,Jennifer Love Hewitt,Jason Isaacs
Jack Ryan: Shadow Recruit,6.2,Chris Pine,Kevin Costner,Keira Knightley
Miss Congeniality 2: Armed and Fabulous,,,,
Vice,7.2,Christian Bale,Amy Adams,Steve Carell
Shooter,7.2,Mark Wahlberg,Michael Peña,Rhona Mitra
Gangster Squad,6.7,Sean Penn,Ryan Gosling,Emma Stone
Smurfs: The Lost Village,6.0,Demi Lovato,Rainn Wilson,Joe Manganiello
First Man,7.3,Ryan Gosling,Claire Foy,Jason Clarke
Year One,4.9,Jack Black,Michael Cera,Olivia Wilde
Edge of Darkness,6.6,Mel Gibson,Ray Winstone,Danny Huston
Star Trek: Nemesis,6.4,Patrick Stewart,Jonathan Frakes,Brent Spiner
Reign of Fire,6.2,Matthew McConaughey,Christian Bale,Izabella Scorupco
Planet 51,6.0,Dwayne Johnson,Seann William Scott,Jessica Biel
Duplicity,6.2,Julia Roberts,Clive Owen,Tom Wilkinson
Righteous Kill,6.0,Robert De Niro,Al Pacino,Carla Gugino
Invictus,7.3,Morgan Freeman,Matt Damon,Tony Kgoroge
State of Play,7.1,Russell Crowe,Rachel McAdams,Ben Affleck
The Sentinel,6.1,Michael Douglas,Kiefer Sutherland,Kim Basinger
Trouble with the Curve,6.8,Clint Eastwood,Amy Adams,John Goodman
Intolerable Cruelty,6.3,George Clooney,Catherine Zeta-Jones,Billy Bob Thornton
Almost Famous,7.9,Billy Crudup,Patrick Fugit,Kate Hudson
Cold Pursuit,6.2,Liam Neeson,Laura Dern,Micheál Richardson
Analyze That,5.9,Robert De Niro,Billy Crystal,Lisa Kudrow
The Soloist,6.7,Jamie Foxx,Robert Downey Jr.,Catherine Keener
The Mortal Instruments: City of Bones,5.9,Lily Collins,Jamie Campbell Bower,Robert Sheehan
The Legend of Bagger Vance,6.7,Will Smith,Matt Damon,Charlize Theron
Dragonfly,6.1,Kevin Costner,Susanna Thompson,Joe Morton
Priest,5.7,Paul Bettany,Cam Gigandet,Maggie Q
Garfield: A Tail of Two Kitties,5.0,Breckin Meyer,Jennifer Love Hewitt,Billy Connolly
XXX: State of the Union,4.4,Ice Cube,Samuel L. Jackson,Willem Dafoe
Sinbad: Legend of the Seven Seas,6.7,Brad Pitt,Catherine Zeta-Jones,Joseph Fiennes
Dark Water,5.6,Jennifer Connelly,Ariel Gade,John C. Reilly
The Black Dahlia,5.6,Josh Hartnett,Aaron Eckhart,Scarlett Johansson
The Spirit,4.7,Gabriel Macht,Samuel L. Jackson,Scarlett Johansson
The Last Castle,6.9,Robert Redford,James Gandolfini,Mark Ruffalo
Inkheart,,,,
Supernova,4.8,James Spader,Peter Facinelli,Robin Tunney
Flyboys,6.5,James Franco,Jean Reno,Jennifer Decker
Winter’s Tale,6.2,Colin Farrell,Jessica Brown Findlay,Russell Crowe
Meet Dave,5.0,Eddie Murphy,Elizabeth Banks,Gabrielle Union
The Great Raid,6.7,Benjamin Bratt,Joseph Fiennes,James Franco
Rock Dog,6.0,Luke Wilson,Eddie Izzard,J.K. Simmons
Mortdecai,5.5,Johnny Depp,Gwyneth Paltrow,Ewan McGregor
In the Name of the King: A Dungeon Siege Tale,,,,
Beyond Borders,6.4,Clive Owen,Angelina Jolie,Linus Roache
Xi You Ji zhi Sun Wu Kong San Da Bai Gu Jing,,,,
The Informer,6.6,Joel Kinnaman,Rosamund Pike,Common
Sherlock Gnomes,5.2,Johnny Depp,James McAvoy,Emily Blunt
The Kid Who Would Be King,6.1,Louis Ashbourne Serkis,Denise Gough,Dean Chaumoo
Deadpool,8.0,Ryan Reynolds,Morena Baccarin,T.J. Miller
American Sniper,7.3,Bradley Cooper,Sienna Miller,Kyle Gallner
Goosebumps,6.3,Jack Black,Dylan Minnette,Odeya Rush
Red Tails,5.9,Cuba Gooding Jr.,Gerald McRaney,David Oyelowo
Just Like Heaven,6.7,Reese Witherspoon,Mark Ruffalo,Donal Logue
The Internship,6.3,Vince Vaughn,Owen Wilson,Rose Byrne
The Flintstones in Viva Rock Vegas,3.7,Mark Addy,Stephen Baldwin,Kristen Johnston
Leatherheads,6.0,George Clooney,Renée Zellweger,John Krasinski
Life,6.6,Jake Gyllenhaal,Rebecca Ferguson,Ryan Reynolds
Did You Hear About the Morgans?,4.9,Hugh Grant,Sarah Jessica Parker,Sam Elliott
"Che, Part 1: The Argentine",,,,
Sex and the City,5.7,Sarah Jessica Parker,Kim Cattrall,Cynthia Nixon
Resident Evil: Afterlife,5.8,Milla Jovovich,Ali Larter,Wentworth Miller
That’s My Boy,5.5,Adam Sandler,Andy Samberg,Leighton Meester
Ghost Rider: Spirit of Vengeance,,,,
After the Sunset,6.3,Pierce Brosnan,Salma Hayek,Woody Harrelson
Captain Corelli's Mandolin,5.9,Nicolas Cage,Penélope Cruz,John Hurt
Into the Woods,5.9,Anna Kendrick,Meryl Streep,Chris Pine
Anger Management,6.2,Jack Nicholson,Adam Sandler,Marisa Tomei
The Pacifier,5.6,Vin Diesel,Brittany Snow,Max Thieriot
Walking Tall,6.2,Dwayne Johnson,Ashley Scott,Johnny Knoxville
Zhuo yao ji,6.1,Baihe Bai,Boran Jing,Wu Jiang
Joker,8.4,Joaquin Phoenix,Robert De Niro,Zazie Beetz
Alvin and the Chipmunks,5.2,Jason Lee,Ross Bagdasarian Jr.,Janice Karman
Bohemian Rhapsody,8.0,Rami Malek,Lucy Boynton,Gwilym Lee
Hitch,6.7,Will Smith,Eva Mendes,Kevin James
Meet the Parents,7.0,Ben Stiller,Robert De Niro,Teri Polo
The Pursuit of Happyness,8.0,Will Smith,Thandiwe Newton,Jaden Smith
Fifty Shades Darker,4.6,Dakota Johnson,Jamie Dornan,Eric Johnson
Captain Phillips,7.8,Tom Hanks,Barkhad Abdi,Barkhad Abdirahman
American Wedding,6.3,Jason Biggs,Alyson Hannigan,Seann William Scott
Murder on the Orient Express,6.5,Kenneth Branagh,Penélope Cruz,Willem Dafoe
The Equalizer,7.2,Denzel Washington,Marton Csokas,Chloë Grace Moretz
Fifty Shades Freed,4.5,Dakota Johnson,Jamie Dornan,Eric Johnson
Date Night,6.3,Steve Carell,Tina Fey,Mark Wahlberg
Maid in Manhattan,5.3,Jennifer Lopez,Ralph Fiennes,Natasha Richardson
Flightplan,6.3,Jodie Foster,Peter Sarsgaard,Sean Bean
Paddington,7.3,Hugh Bonneville,Sally Hawkins,Julie Walters
R.V.,,,,
Kill Bill: Volume 1,,,,
Mr. Poppers's Penguins,6.0,Jim Carrey,Carla Gugino,Angela Lansbury
Kill Bill: Volume 2,,,,
Shanghai Noon,6.6,Jackie Chan,Owen Wilson,Lucy Liu
Free Birds,5.8,Woody Harrelson,Owen Wilson,Dan Fogler
The Forbidden Kingdom,6.6,Jackie Chan,Jet Li,Michael Angarano
The Phantom of the Opera,7.2,Gerard Butler,Emmy Rossum,Patrick Wilson
Muppets Most Wanted,6.4,Ricky Gervais,Ty Burrell,Tina Fey
Kubo and the Two Strings,7.8,Charlize Theron,Art Parkinson,Matthew McConaughey
Burlesque,6.4,Cher,Christina Aguilera,Alan Cumming
Changeling,7.8,Angelina Jolie,Colm Feore,Amy Ryan
The Watch,5.7,Ben Stiller,Vince Vaughn,Jonah Hill
The Hunted,6.0,Tommy Lee Jones,Benicio Del Toro,Connie Nielsen
Stuck On You,5.8,Matt Damon,Greg Kinnear,Eva Mendes
Semi-Pro,5.8,Will Ferrell,Woody Harrelson,André 3000
Annihilation,6.8,Natalie Portman,Jennifer Jason Leigh,Tessa Thompson
Crimson Peak,6.5,Mia Wasikowska,Jessica Chastain,Tom Hiddleston
The Pirates! Band of Misfits,6.7,Hugh Grant,Salma Hayek,Jeremy Piven
Aeon Flux,5.4,Charlize Theron,Frances McDormand,Sophie Okonedo
Elizabeth: The Golden Age,6.8,Cate Blanchett,Clive Owen,Geoffrey Rush
Imagine That,5.6,Eddie Murphy,Thomas Haden Church,Yara Shahidi
Gods and Generals,6.2,Stephen Lang,Robert Duvall,Jeff Daniels
Bullet to the Head,,,,
All the King's Men,6.1,Sean Penn,Jude Law,Kate Winslet
Thunderbirds,4.3,Bill Paxton,Anthony Edwards,Ben Kingsley
Un long dimanche de fiançailles,7.6,Audrey Tautou,Gaspard Ulliel,Jodie Foster
Lucky You,5.9,Eric Bana,Drew Barrymore,Robert Duvall
Eye See You,5.3,Sylvester Stallone,Charles S. Dutton,Polly Walker
Blade 2,,,,
"You, Me and Dupree",5.6,Kate Hudson,Owen Wilson,Matt Dillon
Seven Pounds,7.6,Will Smith,Rosario Dawson,Woody Harrelson
Elizabethtown,6.4,Orlando Bloom,Kirsten Dunst,Susan Sarandon
Gigli,2.6,Ben Affleck,Jennifer Lopez,Justin Bartha
Shaft,6.0,Samuel L. Jackson,Vanessa Williams,Christian Bale
The Dukes of Hazzard,5.1,Seann William Scott,Johnny Knoxville,Jessica Simpson
Law Abiding Citizen,7.4,Gerard Butler,Jamie Foxx,Leslie Bibb
Black Mass,6.9,Johnny Depp,Benedict Cumberbatch,Dakota Johnson
Moulin Rouge,7.6,Nicole Kidman,Ewan McGregor,John Leguizamo
Domestic Disturbance,5.6,John Travolta,Nick Loren,Matt O'Leary
Flags of Our Fathers,7.1,Ryan Phillippe,Barry Pepper,Joseph Cross
Grindhouse,7.5,Kurt Russell,Rose McGowan,Danny Trejo
Zero Dark Thirty,7.4,Jessica Chastain,Joel Edgerton,Chris Pratt
Catch Me if You Can,8.1,Leonardo DiCaprio,Tom Hanks,Christopher Walken
Mamma Mia!,6.5,Meryl Streep,Pierce Brosnan,Amanda Seyfried
The Break-Up,5.8,Jennifer Aniston,Vince Vaughn,Jon Favreau
Valentine's Day,5.7,Julia Roberts,Jamie Foxx,Anne Hathaway
The Change-Up,6.3,Jason Bateman,Ryan Reynolds,Olivia Wilde
From Paris With Love,6.4,John Travolta,Jonathan Rhys Meyers,Kasia Smutniak
Bulletproof Monk,5.4,Chow Yun-Fat,Seann William Scott,Jaime King
"Me, Myself & Irene",6.6,Jim Carrey,Renée Zellweger,Anthony Anderson
Barnyard: The Original Party Animals,,,,
Alpha,6.7,Kodi Smit-McPhee,Jóhannes Haukur Jóhannesson,Marcin Kowalczyk
Deck the Halls,5.0,Matthew Broderick,Danny DeVito,Kristin Chenoweth
The Adjustment Bureau,7.0,Matt Damon,Emily Blunt,Lisa Thoreson
The Twilight Saga: New Moon,4.7,Kristen Stewart,Robert Pattinson,Taylor Lautner
Shrek,7.9,Mike Myers,Eddie Murphy,Cameron Diaz
Ted,6.9,Mark Wahlberg,Mila Kunis,Seth MacFarlane
22 Jump Street,7.0,Channing Tatum,Jonah Hill,Ice Cube
Daddy’s Home,6.1,Will Ferrell,Mark Wahlberg,Linda Cardellini
Central Intelligence,6.3,Dwayne Johnson,Kevin Hart,Danielle Nicolet
Anchorman 2: The Legend Continues,6.3,Will Ferrell,Christina Applegate,Paul Rudd
Super 8,7.0,Elle Fanning,AJ Michalka,Kyle Chandler
Mr. Deeds,5.8,Adam Sandler,Winona Ryder,John Turturro
Erin Brockovich,7.4,Julia Roberts,Albert Finney,David Brisbin
Creed II,7.1,Michael B. Jordan,Sylvester Stallone,Tessa Thompson
Peter Rabbit,6.6,James Corden,Fayssal Bazzi,Domhnall Gleeson
How to Lose a Guy in 10 Days,6.4,Kate Hudson,Matthew McConaughey,Adam Goldberg
The Mule,7.0,Clint Eastwood,Patrick L. Reyes,Cesar De León
Yes Man,6.8,Jim Carrey,Zooey Deschanel,Bradley Cooper
Non-Stop,6.9,Liam Neeson,Julianne Moore,Scoot McNairy
Disney Planes,,,,
Failure to Launch,5.6,Matthew McConaughey,Sarah Jessica Parker,Kathy Bates
Inside Man,7.6,Denzel Washington,Clive Owen,Jodie Foster
The Emoji Movie,3.3,T.J. Miller,James Corden,Anna Faris
"Crazy, Stupid, Love",7.4,Steve Carell,Ryan Gosling,Julianne Moore
The Post,7.2,Meryl Streep,Tom Hanks,Sarah Paulson
Knowing,6.2,Nicolas Cage,Chandler Canterbury,Rose Byrne
The Ring Two,5.4,Naomi Watts,David Dorfman,Sissy Spacek
We Bought a Zoo,7.1,Matt Damon,Scarlett Johansson,Thomas Haden Church
Moneyball,7.6,Brad Pitt,Robin Wright,Jonah Hill
Garfield: The Movie,,,,
Christmas with the Kranks,5.4,Tim Allen,Jamie Lee Curtis,Dan Aykroyd
V for Vendetta,,,,
Race to Witch Mountain,5.7,Dwayne Johnson,Carla Gugino,AnnaSophia Robb
The Forgotten,5.8,Julianne Moore,Dominic West,Christopher Kovaleski
Herbie: Fully Loaded,4.9,Lindsay Lohan,Michael Keaton,Cheryl Hines
Shanghai Knights,6.2,Jackie Chan,Owen Wilson,Fann Wong
Planes: Fire and Rescue,,,,
Curious George,6.5,Will Ferrell,Drew Barrymore,Eugene Levy
American Reunion,6.7,Jason Biggs,Alyson Hannigan,Seann William Scott
Hansel & Gretel: Witch Hunters,6.1,Jeremy Renner,Gemma Arterton,Peter Stormare
I am Number Four,6.1,Alex Pettyfer,Timothy Olyphant,Dianna Agron
Don’t Say a Word,6.3,Michael Douglas,Sean Bean,Brittany Murphy
13 Hours: The Secret Soldiers of Benghazi,,,,
Unfaithful,6.7,Richard Gere,Diane Lane,Olivier Martinez
American Made,7.1,Tom Cruise,Domhnall Gleeson,Sarah Wright
Syriana,6.9,George Clooney,Matt Damon,Amanda Peet
Resident Evil: Apocalypse,6.1,Milla Jovovich,Sienna Guillory,Eric Mabius
The Book of Life,7.2,Diego Luna,Zoe Saldana,Channing Tatum
Firewall,5.8,Harrison Ford,Virginia Madsen,Paul Bettany
Into the Storm,5.8,Richard Armitage,Sarah Wayne Callies,Matt Walsh
The Judge,7.4,Robert Downey Jr.,Robert Duvall,Vera Farmiga
Silent Hill,6.5,Radha Mitchell,Laurie Holden,Sean Bean
Rambo: Last Blood,6.1,Sylvester Stallone,Paz Vega,Sergio Peris-Mencheta
The Replacements,6.6,Keanu Reeves,Gene Hackman,Brooke Langton
War Dogs,7.1,Jonah Hill,Miles Teller,Steve Lantz
Out of Time,6.5,Denzel Washington,Sanaa Lathan,Eva Mendes
Bridget Jones: The Edge Of Reason,6.0,Renée Zellweger,Colin Firth,Hugh Grant
The Beach,6.6,Leonardo DiCaprio,Tilda Swinton,Daniel York
The Adventures of Sharkboy and Lavagirl in 3-D,,,,
Ninja Assassin,6.3,Rain,Rick Yune,Naomie Harris
Raising Helen,6.0,Kate Hudson,John Corbett,Joan Cusack
The Nice Guys,7.4,Russell Crowe,Ryan Gosling,Angourie Rice
Marmaduke,4.3,Owen Wilson,Judy Greer,Lee Pace
Hereafter,6.5,Matt Damon,Cécile de France,Bryce Dallas Howard
Murder by Numbers,6.1,Sandra Bullock,Ben Chaplin,Ryan Gosling
Hostiles,7.2,Scott Shepherd,Rosamund Pike,Ava Cooper
Zoolander 2,4.7,Ben Stiller,Owen Wilson,Penélope Cruz
Defiance,,,,
Hannibal Rising,6.1,Gaspard Ulliel,Rhys Ifans,Gong Li
The Host,5.8,Saoirse Ronan,Max Irons,Jake Abel
Basic,6.4,John Travolta,Samuel L. Jackson,Connie Nielsen
Run All Night,6.6,Liam Neeson,Ed Harris,Joel Kinnaman
Blood Work,6.4,Clint Eastwood,Jeff Daniels,Anjelica Huston
The International,6.5,Clive Owen,Naomi Watts,Armin Mueller-Stahl
Twisted,5.3,Ashley Judd,Samuel L. Jackson,Andy Garcia
All the Money in the World,6.8,Michelle Williams,Christopher Plummer,Mark Wahlberg
The Life Aquatic with Steve Zissou,7.3,Bill Murray,Owen Wilson,Anjelica Huston
Hellboy,5.2,David Harbour,Milla Jovovich,Ian McShane
Your Highness,5.5,Danny McBride,Natalie Portman,James Franco
Snowden,,,,
Dream House,6.0,Daniel Craig,Rachel Weisz,Naomi Watts
Free State of Jones,6.9,Matthew McConaughey,Gugu Mbatha-Raw,Mahershala Ali
Gamer,5.7,Gerard Butler,Michael C. Hall,Ludacris
Man of the House,5.4,Tommy Lee Jones,Christina Milian,Kelli Garner
The Life of David Gale,7.5,Kevin Spacey,Kate Winslet,Laura Linney
Beautiful Creatures,6.1,Alice Englert,Viola Davis,Emma Thompson
Into the Blue,5.9,Paul Walker,Jessica Alba,Scott Caan
Eastern Promises,7.6,Naomi Watts,Viggo Mortensen,Armin Mueller-Stahl
Drive Angry,5.4,Nicolas Cage,Amber Heard,William Fichtner
Domino,5.9,Keira Knightley,Mickey Rourke,Edgar Ramírez
Street Fighter: The Legend of Chun-Li,3.7,Kristin Kreuk,Neal McDonough,Michael Clarke Duncan
Death to Smoochy,6.3,Robin Williams,Edward Norton,Catherine Keener
Early Man,6.1,Eddie Redmayne,Tom Hiddleston,Maisie Williams
The Boat That Rocked,7.4,Philip Seymour Hoffman,Bill Nighy,Nick Frost
The Big Bounce,4.9,Owen Wilson,Morgan Freeman,Gary Sinise
What Planet Are You From?,5.6,Garry Shandling,Annette Bening,John Goodman
Liu Lang Di Qiu,5.9,Jing Wu,Chuxiao Qu,Guangjie Li
Arctic Dogs,4.7,Jeremy Renner,Heidi Klum,James Franco
Child 44,6.4,Tom Hardy,Gary Oldman,Noomi Rapace
Outlander,,,,
Upside Down,6.3,Jim Sturgess,Kirsten Dunst,Timothy Spall
Shanghai,7.3,Emraan Hashmi,Abhay Deol,Prasenjit Chatterjee
Dora and the Lost City of Gold,6.1,Isabela Merced,Eugenio Derbez,Michael Peña
The One,5.9,Jet Li,Carla Gugino,Delroy Lindo
Chappie,6.8,Sharlto Copley,Dev Patel,Hugh Jackman
Anna Karenina,6.6,Keira Knightley,Jude Law,Aaron Taylor-Johnson
The Ring,8.8,Elijah Wood,Ian McKellen,Viggo Mortensen
Traffic,7.6,Michael Douglas,Benicio Del Toro,Catherine Zeta-Jones
Panic Room,6.8,Jodie Foster,Kristen Stewart,Forest Whitaker
Taken 3,,,,
Zombieland: Double Tap,6.7,Woody Harrelson,Jesse Eisenberg,Emma Stone
Instant Family,7.3,Mark Wahlberg,Rose Byrne,Isabela Merced
Tooth Fairy,5.0,Dwayne Johnson,Ashley Judd,Julie Andrews
Rat Race,6.4,Breckin Meyer,Amy Smart,Whoopi Goldberg
3:10 to Yuma,7.7,Russell Crowe,Christian Bale,Ben Foster
K-PAX,7.4,Kevin Spacey,Jeff Bridges,Mary McCormack
Kate and Leopold,,,,
Bedazzled,6.1,Brendan Fraser,Elizabeth Hurley,Frances O'Connor
Charlie’s Angels,4.9,Kristen Stewart,Naomi Scott,Ella Balinska
Rambo,7.0,Sylvester Stallone,Julie Benz,Matthew Marsden
The Infiltrator,7.0,Bryan Cranston,John Leguizamo,Diane Kruger
Arrival,7.9,Amy Adams,Jeremy Renner,Forest Whitaker
Earth,7.9,,,
Riding in Cars with Boys,6.5,Drew Barrymore,Steve Zahn,Adam Garcia
Happily N'Ever After,,,,
Solaris,6.2,George Clooney,Natascha McElhone,Ulrich Tukur
Jonah Hex,4.7,Josh Brolin,Megan Fox,John Malkovich
Silence,7.1,Andrew Garfield,Adam Driver,Liam Neeson
America's Sweethearts,5.7,Julia Roberts,John Cusack,Billy Crystal
Insomnia,7.2,Al Pacino,Robin Williams,Hilary Swank
Prisoners,8.1,Hugh Jackman,Jake Gyllenhaal,Viola Davis
Arthur and the War of Two Worlds,,,,
Taken 2,6.2,Liam Neeson,Famke Janssen,Maggie Grace
Scary Movie 3,5.5,Anna Faris,Charlie Sheen,Regina Hall
Miss Congeniality,6.3,Sandra Bullock,Michael Caine,Benjamin Bratt
Pitch Perfect 3,5.8,Anna Kendrick,Rebel Wilson,Brittany Snow
Journey to the Center of the Earth,5.8,Brendan Fraser,Josh Hutcherson,Anita Briem
The Princess Diaries 2: Royal Engagement,5.8,Anne Hathaway,Callum Blue,Julie Andrews
The Bucket List,7.4,Jack Nicholson,Morgan Freeman,Sean Hayes
The Muppets,7.1,Amy Adams,Jason Segel,Chris Cooper
Monster-in-Law,5.5,Jennifer Lopez,Michael Vartan,Jane Fonda
Training Day,7.7,Denzel Washington,Ethan Hawke,Scott Glenn
The Girl on the Train,6.5,Emily Blunt,Haley Bennett,Rebecca Ferguson
Scary Movie 2,5.3,Anna Faris,Marlon Wayans,Antony Acker
Coach Carter,7.3,Samuel L. Jackson,Rick Gonzalez,Robert Ri'chard
The Bounty Hunter,5.5,Jennifer Aniston,Gerard Butler,Gio Perez
Changing Lanes,6.5,Ben Affleck,Samuel L. Jackson,Kim Staunton
Underworld: Evolution,6.7,Kate Beckinsale,Scott Speedman,Bill Nighy
A Beautiful Day in the Neighborhood,7.3,Tom Hanks,Matthew Rhys,Chris Cooper
Coyote Ugly,5.7,Piper Perabo,Adam Garcia,John Goodman
Love Actually,7.6,Hugh Grant,Martine McCutcheon,Liam Neeson
Office Christmas Party,5.8,Jason Bateman,Olivia Munn,T.J. Miller
"Yours, Mine and Ours",,,,
Kicking and Screaming,,,,
The Hitchhiker's Guide to the Galaxy,6.7,Martin Freeman,Yasiin Bey,Sam Rockwell
Resident Evil: Extinction,6.2,Milla Jovovich,Ali Larter,Oded Fehr
Fat Albert,4.3,Kenan Thompson,Kyla Pratt,Omarion
Savages,6.5,Aaron Taylor-Johnson,Taylor Kitsch,Blake Lively
Blended,6.5,Adam Sandler,Drew Barrymore,Wendi McLendon-Covey
All Eyez on Me,,,,
Last Holiday,6.5,Queen Latifah,LL Cool J,Timothy Hutton
16 Blocks,6.6,Bruce Willis,Yasiin Bey,David Morse
Cellular,6.5,Kim Basinger,Chris Evans,Jason Statham
Doctor Sleep,7.3,Ewan McGregor,Rebecca Ferguson,Kyliegh Curran
The Ant Bully,5.8,Paul Giamatti,Nicolas Cage,Julia Roberts
Johnny English,6.2,Rowan Atkinson,John Malkovich,Natalie Imbruglia
Aliens in the Attic,5.4,Ashley Tisdale,Robert Hoffman,Carter Jenkins
Across the Universe,7.3,Evan Rachel Wood,Jim Sturgess,Joe Anderson
Revolutionary Road,7.3,Leonardo DiCaprio,Kate Winslet,Christopher Fitzgerald
Babylon A.D.,5.5,Vin Diesel,Michelle Yeoh,Mélanie Thierry
Richard Jewell,7.5,Paul Walter Hauser,Sam Rockwell,Brandon Stanley
UglyDolls,5.0,Kelly Clarkson,Nick Jonas,Janelle Monáe
The Pledge,6.8,Jack Nicholson,Benicio Del Toro,Patricia Clarkson
The Producers: The Movie Musical,,,,
Rebound,5.1,Martin Lawrence,Megan Mullally,Breckin Meyer
The Ghost Writer,7.2,Ewan McGregor,Pierce Brosnan,Olivia Williams
All the Pretty Horses,5.8,Matt Damon,Penélope Cruz,Henry Thomas
Bangkok Dangerous,5.3,Nicolas Cage,Charlie Yeung,Shahkrit Yamnarm
Dredd,7.1,Karl Urban,Olivia Thirlby,Lena Headey
The Rum Diary,6.2,Johnny Depp,Giovanni Ribisi,Aaron Eckhart
Welcome to Marwen,6.2,Steve Carell,Falk Hentschel,Matt O'Leary
Bloodshot,,,,
Johnny English Reborn,6.3,Rowan Atkinson,Rosamund Pike,Dominic West
Miracle at St. Anna,6.1,Derek Luke,Michael Ealy,Laz Alonso
Big Trouble,6.5,Tim Allen,Rene Russo,Stanley Tucci
Man cheng jin dai huang jin jia,7.0,Chow Yun-Fat,Gong Li,Jay Chou
Love in the Time of Cholera,6.4,Javier Bardem,Giovanna Mezzogiorno,Benjamin Bratt
Pinocchio,4.3,Roberto Benigni,Nicoletta Braschi,Carlo Giuffrè
Argo,7.7,Ben Affleck,Bryan Cranston,John Goodman
Charlie St. Cloud,6.4,Zac Efron,Kim Basinger,Charlie Tahan
The Interview,6.5,James Franco,Seth Rogen,Randall Park
The Heat,6.6,Sandra Bullock,Michael McDonald,Melissa McCarthy
Finding Forrester,7.3,Sean Connery,Rob Brown,F. Murray Abraham
28 Days,6.0,Sandra Bullock,Viggo Mortensen,Dominic West
Danny the Dog,,,,
The Sweetest Thing,5.1,Cameron Diaz,Thomas Jane,Christina Applegate
The Girl in the Spider’s Web,6.1,Claire Foy,Beau Gadsdon,Sverrir Gudnason
A Monster Calls,7.5,Lewis MacDougall,Sigourney Weaver,Felicity Jones
The Mechanic,6.5,Jason Statham,Ben Foster,Donald Sutherland
21 Jump Street,7.2,Jonah Hill,Channing Tatum,Ice Cube
Little Women,7.8,Saoirse Ronan,Emma Watson,Florence Pugh
Chicken Run,7.1,Mel Gibson,Julia Sawalha,Phil Daniels
Along Came Polly,6.0,Ben Stiller,Jennifer Aniston,Debra Messing
Brüno,5.9,Sacha Baron Cohen,Gustaf Hammarsten,Clifford Bañagale
Snatched,4.6,Amy Schumer,Goldie Hawn,Kim Caramele
Here Comes the Boom,6.4,Kevin James,Salma Hayek,Henry Winkler
High Crimes,6.3,Jim Caviezel,Morgan Freeman,Ashley Judd
Red Riding Hood,5.4,Amanda Seyfried,Lukas Haas,Gary Oldman
The Mothman Prophecies,6.4,Richard Gere,Laura Linney,David Eigenberg
Holmes & Watson,3.9,Will Ferrell,John C. Reilly,Ralph Fiennes
One for the Money,5.3,Katherine Heigl,Jason O'Mara,Daniel Sunjata
15 Minutes,6.1,Robert De Niro,Edward Burns,Kelsey Grammer
Lord of War,7.6,Nicolas Cage,Ethan Hawke,Jared Leto
Man on a Ledge,6.6,Sam Worthington,Elizabeth Banks,Jamie Bell
The Warrior's Way,6.3,Jang Dong-Gun,Kate Bosworth,Geoffrey Rush
Micmacs,,,,
Pourquoi j'ai pas mangé mon père,4.9,Jamel Debbouze,Mélissa Theuriau,Arié Elmaleh
8 Mile,7.2,Eminem,Brittany Murphy,Kim Basinger
Rocketman,7.3,Taron Egerton,Jamie Bell,Richard Madden
A Knight’s Tale,6.9,Heath Ledger,Mark Addy,Rufus Sewell
The Medallion,5.2,Jackie Chan,Lee Evans,Claire Forlani
The Big Year,6.2,Owen Wilson,Jack Black,Steve Martin
Wedding Crashers,7.0,Owen Wilson,Vince Vaughn,Rachel McAdams
The Karate Kid,6.2,Jackie Chan,Jaden Smith,Taraji P. Henson
John Wick: Chapter 3 — Parabellum,7.4,Keanu Reeves,Halle Berry,Ian McShane
Fifty Shades of Grey,4.2,Dakota Johnson,Jamie Dornan,Jennifer Ehle
Knives Out,7.9,Daniel Craig,Chris Evans,Ana de Armas
The Proposal,6.7,Sandra Bullock,Ryan Reynolds,Mary Steenburgen
American Hustle,7.3,Christian Bale,Amy Adams,Bradley Cooper
Cheaper by the Dozen,5.9,Steve Martin,Bonnie Hunt,Hilary Duff
Lucy,6.4,Scarlett Johansson,Morgan Freeman,Choi Min-sik
Lone Survivor,7.5,Mark Wahlberg,Taylor Kitsch,Emile Hirsch
Spy Kids 3-D: Game Over,,,,
The Conjuring 2: The Enfield Poltergeist,,,,
The Social Network,7.8,Jesse Eisenberg,Andrew Garfield,Justin Timberlake
Julie & Julia,7.0,Amy Adams,Meryl Streep,Chris Messina
He's Just Not That Into You,6.4,Ginnifer Goodwin,Jennifer Aniston,Jennifer Connelly
John Wick: Chapter Two,7.5,Keanu Reeves,Riccardo Scamarcio,Ian McShane
Ride Along 2,5.9,Ice Cube,Kevin Hart,Tika Sumpter
Scary Movie 4,5.1,Anna Faris,Regina Hall,Craig Bierko
Get Hard,6.0,Will Ferrell,Kevin Hart,Alison Brie
Scream 3,5.6,David Arquette,Neve Campbell,Courteney Cox
The Accountant,7.3,Ben Affleck,Anna Kendrick,J.K. Simmons
Dumb and Dumber To,5.6,Jim Carrey,Jeff Daniels,Rob Riggle
The Other Woman,6.0,Cameron Diaz,Leslie Mann,Kate Upton
Eight Below,7.3,Paul Walker,Jason Biggs,Bruce Greenwood
The Intern,7.1,Robert De Niro,Anne Hathaway,Rene Russo
Ray,7.7,Jamie Foxx,Regina King,Kerry Washington
Sin City,8.0,Mickey Rourke,Clive Owen,Bruce Willis
Bridge of Spies,7.6,Tom Hanks,Mark Rylance,Alan Alda
Vantage Point,6.6,Dennis Quaid,Forest Whitaker,Matthew Fox
"I Love You, Man",7.0,Paul Rudd,Jason Segel,Rashida Jones
Shallow Hal,6.0,Jack Black,Gwyneth Paltrow,Jason Alexander
Big Momma's House 2,4.7,Martin Lawrence,Emily Procter,Nia Long
Angel Has Fallen,6.4,Gerard Butler,Frederick Schmidt,Danny Huston
The House with a Clock in its Walls,6.1,Jack Black,Cate Blanchett,Owen Vaccaro
Hacksaw Ridge,8.1,Andrew Garfield,Sam Worthington,Luke Bracey
The Mexican,6.1,Brad Pitt,Julia Roberts,James Gandolfini
The Final Destination,5.1,Nick Zano,Krista Allen,Andrew Fiscella
17 Again,6.4,Zac Efron,Matthew Perry,Leslie Mann
Unknown,6.8,Liam Neeson,Diane Kruger,January Jones
Get Him to the Greek,6.4,Jonah Hill,Russell Brand,Elisabeth Moss
Gothika,5.8,Halle Berry,Penélope Cruz,Robert Downey Jr.
Behind Enemy Lines,6.4,Gene Hackman,Owen Wilson,Gabriel Macht
The Lincoln Lawyer,7.3,Matthew McConaughey,Marisa Tomei,Ryan Phillippe
Shall We Dance?,6.2,Richard Gere,Jennifer Lopez,Susan Sarandon
Invincible,7.0,Mark Wahlberg,Greg Kinnear,Elizabeth Banks
Escape From Planet Earth,,,,
Horrible Bosses 2,6.3,Jason Bateman,Jason Sudeikis,Charlie Day
The Count of Monte Cristo,7.7,Jim Caviezel,Guy Pearce,Christopher Adamson
The Prestige,8.5,Christian Bale,Hugh Jackman,Scarlett Johansson
The Lake House,6.8,Keanu Reeves,Sandra Bullock,Christopher Plummer
Predators,6.4,Adrien Brody,Laurence Fishburne,Topher Grace
The Odd Life of Timothy Green,6.6,Jennifer Garner,Joel Edgerton,CJ Adams
Apocalypto,7.8,Gerardo Taracena,Raoul Max Trujillo,Dalia Hernández
Music and Lyrics,6.5,Hugh Grant,Drew Barrymore,Scott Porter
Secret Window,6.5,Johnny Depp,Maria Bello,John Turturro
The Skeleton Key,6.5,Kate Hudson,Peter Sarsgaard,Joy Bryant
Jersey Boys,6.8,John Lloyd Young,Erich Bergen,Michael Lomenda
Made of Honor,5.8,Patrick Dempsey,Michelle Monaghan,Kevin McKidd
A Million Ways to Die in The West,6.1,Seth MacFarlane,Charlize Theron,Liam Neeson
Final Destination 5,5.9,Nicholas D'Agosto,Emma Bell,Arlen Escarpeta
Widows,6.9,Viola Davis,Michelle Rodriguez,Elizabeth Debicki
Fever Pitch,6.2,Drew Barrymore,Jimmy Fallon,Jason Spevack
Aliens vs. Predator - Requiem,4.6,Reiko Aylesworth,Steven Pasquale,Shareeka Epps
The Water Horse: Legend of the Deep,,,,
Sex Tape,5.1,Jason Segel,Cameron Diaz,Rob Corddry
Scream 4,6.2,Neve Campbell,Courteney Cox,David Arquette
Autumn in New York,5.6,Richard Gere,Winona Ryder,Anthony LaPaglia
Paul,7.0,Simon Pegg,Nick Frost,Seth Rogen
The Guilt Trip,5.8,Barbra Streisand,Seth Rogen,Julene Renee
Colombiana,6.4,Zoe Saldana,Michael Vartan,Callum Blue
The Commuter,6.3,Liam Neeson,Vera Farmiga,Patrick Wilson
Hanging Up,4.8,Diane Keaton,Meg Ryan,Lisa Kudrow
The Spy Who Dumped Me,6.0,Justin Theroux,Blanka Györfi-Tóth,Vilma Szécsi
Pay it Forward,7.2,Kevin Spacey,Haley Joel Osment,Helen Hunt
Arthur,5.7,Russell Brand,Helen Mirren,Jennifer Garner
Drillbit Taylor,5.7,Owen Wilson,Josh Peck,Alex Frost
Patriots Day,7.4,Mark Wahlberg,Michelle Monaghan,J.K. Simmons
Extremely Loud and Incredibly Close,,,,
Transporter 3,6.1,Jason Statham,Robert Knepper,Natalya Rudakova
Morning Glory,6.5,Rachel McAdams,Harrison Ford,Diane Keaton
Get Rich or Die Tryin',5.4,50 Cent,Joy Bryant,Adewale Akinnuoye-Agbaje
Long Shot,6.8,Charlize Theron,Seth Rogen,June Diane Raphael
The Art of War,5.7,Wesley Snipes,Donald Sutherland,Maury Chaykin
Grudge Match,6.4,Robert De Niro,Sylvester Stallone,Kim Basinger
Bless the Child,5.1,Kim Basinger,Jimmy Smits,Rufus Sewell
Rent,6.9,Taye Diggs,Wilson Jermaine Heredia,Rosario Dawson
The Nut Job 2: Nutty by Nature,5.5,Will Arnett,Maya Rudolph,Bobby Cannavale
The Musketeer,4.7,Justin Chambers,Catherine Deneuve,Mena Suvari
Resident Evil: The Final Chapter,5.5,Milla Jovovich,Iain Glen,Ali Larter
The Other Boleyn Girl,6.7,Natalie Portman,Scarlett Johansson,Eric Bana
The House,5.6,Will Ferrell,Amy Poehler,Ryan Simpkins
Sweet November,6.7,Keanu Reeves,Charlize Theron,Jason Isaacs
The Reaping,5.6,Hilary Swank,David Morrissey,AnnaSophia Robb
Season of the Witch,5.4,Nicolas Cage,Ron Perlman,Claire Foy
City by the Sea,6.1,Robert De Niro,James Franco,Frances McDormand
Mechanic: Resurrection,5.7,Jason Statham,Jessica Alba,Tommy Lee Jones
Torque,4.1,Martin Henderson,Ice Cube,Monet Mazur
Fantastic Mr. Fox,7.9,George Clooney,Meryl Streep,Bill Murray
The Happytime Murders,5.4,Melissa McCarthy,Elizabeth Banks,Maya Rudolph
Big Miracle,6.5,Drew Barrymore,John Krasinski,John Pingayak
The Impossible,7.6,Naomi Watts,Ewan McGregor,Tom Holland
A Thousand Words,5.9,Eddie Murphy,Cliff Curtis,Kerry Washington
Detroit,7.3,John Boyega,Anthony Mackie,Algee Smith
Marie Antoinette,6.5,Kirsten Dunst,Jason Schwartzman,Rip Torn
Hunter Killer,6.6,Gerard Butler,Gary Oldman,Common
Get Carter,5.1,Sylvester Stallone,Rachael Leigh Cook,Miranda Richardson
Keeping Up with the Joneses,5.9,Zach Galifianakis,Isla Fisher,Jon Hamm
"Life, or Something Like It",5.8,Angelina Jolie,Edward Burns,Tony Shalhoub
Amelia,5.8,Hilary Swank,Richard Gere,Ewan McGregor
Cirque du Freak: The Vampire's Assistant,5.8,Chris Massoglia,John C. Reilly,Salma Hayek
New York Minute,4.9,Mary-Kate Olsen,Ashley Olsen,Eugene Levy
Alfie,6.2,Jude Law,Sienna Miller,Susan Sarandon
FearDotCom,3.4,Stephen Dorff,Natascha McElhone,Stephen Rea
Soul Men,6.4,Samuel L. Jackson,Bernie Mac,Sharon Leal
The Gunman,5.8,Sean Penn,Idris Elba,Jasmine Trinca
Pandorum,6.7,Dennis Quaid,Ben Foster,Cam Gigandet
Duplex,5.9,Ben Stiller,Drew Barrymore,Eileen Essell
Paranoia,5.6,Liam Hemsworth,Gary Oldman,Harrison Ford
Baahubali: The Beginning,8.1,Prabhas,Rana Daggubati,Ramya Krishnan
The Hurricane Heist,5.1,Toby Kebbell,Maggie Grace,Ryan Kwanten
Impostor,,,,
Victor Frankenstein,6.0,Daniel Radcliffe,James McAvoy,Jessica Brown Findlay
The Goldfinch,6.3,Oakes Fegley,Ansel Elgort,Nicole Kidman
Extreme Ops,4.4,Rufus Sewell,Devon Sawa,Bridgette Wilson-Sampras
Just Visiting,5.7,Jean Reno,Christina Applegate,Christian Clavier
Snowpiercer,7.1,Chris Evans,Jamie Bell,Tilda Swinton
Sunshine,7.2,Cillian Murphy,Rose Byrne,Chris Evans
Billy Lynn’s Long Halftime Walk,6.2,Joe Alwyn,Garrett Hedlund,Arturo Castro
Delgo,4.3,Freddie Prinze Jr.,Val Kilmer,Anne Bancroft
The Hunting Party,6.8,Richard Gere,Terrence Howard,Jesse Eisenberg
Alex Rider: Operation Stormbreaker,,,,
Red Cliff,7.5,Tony Chiu-Wai Leung,Takeshi Kaneshiro,Fengyi Zhang
Un monstre à Paris,,,,
Solomon Kane,,,,
Kursk,6.6,Matthias Schoenaerts,Léa Seydoux,Peter Simonischek
USS Indianapolis: Men of Courage,5.2,Nicolas Cage,Tom Sizemore,Thomas Jane
Dragon Nest Warriors' Dawn,,,,
The Time Traveler’s Wife,7.1,Eric Bana,Rachel McAdams,Ron Livingston
Because I Said So,5.6,Diane Keaton,Mandy Moore,Gabriel Macht
Frankenweenie,6.9,Winona Ryder,Catherine O'Hara,Martin Short
Serenity,7.8,Nathan Fillion,Gina Torres,Chiwetel Ejiofor
Shoot 'Em Up,6.7,Clive Owen,Monica Bellucci,Paul Giamatti
Against the Ropes,5.3,Meg Ryan,Omar Epps,Charles S. Dutton
Yi dai zong shi,6.5,Tony Chiu-Wai Leung,Ziyi Zhang,Jin Zhang
The Fast and the Furious,6.8,Vin Diesel,Paul Walker,Michelle Rodriguez
Sweet Home Alabama,6.2,Reese Witherspoon,Patrick Dempsey,Josh Lucas
The Ugly Truth,6.4,Katherine Heigl,Gerard Butler,Bree Turner
Spy Kids 2: The Island of Lost Dreams,,,,
Captain Underpants: The First Epic Movie,6.2,Kevin Hart,Thomas Middleditch,Ed Helms
Paul Blart: Mall Cop 2,4.4,Kevin James,Raini Rodriguez,Eduardo Verástegui
Why Him?,6.2,Zoey Deutch,James Franco,Tangie Ambrose
Water for Elephants,6.9,Robert Pattinson,Reese Witherspoon,Christoph Waltz
Life as We Know It,6.5,Katherine Heigl,Josh Duhamel,Josh Lucas
Riddick,6.4,Vin Diesel,Karl Urban,Katee Sackhoff
Heartbreakers,6.2,Sigourney Weaver,Jennifer Love Hewitt,Gene Hackman
Enough,5.7,Jennifer Lopez,Billy Campbell,Tessa Allen
The 5th Wave,5.2,Chloë Grace Moretz,Matthew Zuk,Gabriela Lopez
Push,6.1,Camilla Belle,Dakota Fanning,Chris Evans
Rush,8.1,Daniel Brühl,Chris Hemsworth,Olivia Wilde
Angel Eyes,5.6,Jennifer Lopez,Jim Caviezel,Jeremy Sisto
Joe Somebody,5.5,Tim Allen,Julie Bowen,Kelly Lynch
Overlord,6.6,Jovan Adepo,Wyatt Russell,Mathilde Ollivier
The Ninth Gate,,,,
Only the Brave,7.6,Josh Brolin,Miles Teller,Jeff Bridges
The Thing,6.2,Mary Elizabeth Winstead,Joel Edgerton,Ulrich Thomsen
Rock Star,6.3,Mark Wahlberg,Jennifer Aniston,Dominic West
The Kitchen,5.5,Melissa McCarthy,Tiffany Haddish,Elisabeth Moss
City of Ember,6.4,Saoirse Ronan,Toby Jones,Bill Murray
The Sisters Brothers,6.9,John C. Reilly,Joaquin Phoenix,Jake Gyllenhaal
Texas Rangers,5.2,James Van Der Beek,Rachael Leigh Cook,Ashton Kutcher
Virgin Territory,,,,
The Upside,,,,
What to Expect When You're Expecting,5.7,Cameron Diaz,Matthew Morrison,J. Todd Smith
The Master,7.1,Philip Seymour Hoffman,Joaquin Phoenix,Amy Adams
The Express,7.3,Rob Brown,Dennis Quaid,Clancy Brown
Twilight,5.3,Kristen Stewart,Robert Pattinson,Billy Burke
We’re the Millers,7.0,Jason Sudeikis,Jennifer Aniston,Emma Roberts
Creed,7.6,Michael B. Jordan,Sylvester Stallone,Tessa Thompson
The Town,7.5,Ben Affleck,Rebecca Hall,Jon Hamm
Dolphin Tale,6.8,Morgan Freeman,Ashley Judd,Harry Connick Jr.
Game Night,6.9,Jason Bateman,Rachel McAdams,Kyle Chandler
Burn After Reading,7.0,Brad Pitt,Frances McDormand,George Clooney
13 Going On 30,6.2,Jennifer Garner,Mark Ruffalo,Judy Greer
Tyler Perry’s Temptation,,,,
Nim's Island,6.0,Jodie Foster,Gerard Butler,Abigail Breslin
How to be Single,6.1,Dakota Johnson,Rebel Wilson,Leslie Mann
Cop Out,5.6,Bruce Willis,Tracy Morgan,Juan Carlos Hernández
The Rite,6.0,Colin O'Donoghue,Anthony Hopkins,Ciarán Hinds
Space Chimps,4.5,Andy Samberg,Stanley Tucci,Jeff Daniels
Aloha,5.4,Bradley Cooper,Rachel McAdams,Emma Stone
A Star is Born,7.6,Lady Gaga,Bradley Cooper,Sam Elliott
Gnomeo and Juliet,,,,
John Q.,7.1,Denzel Washington,Robert Duvall,Gabriela Oltean
Hot Tub Time Machine,6.4,John Cusack,Rob Corddry,Craig Robinson
Dolphin Tale 2,6.4,Morgan Freeman,Ashley Judd,Nathan Gamble
Collateral Beauty,6.8,Will Smith,Edward Norton,Kate Winslet
A Man Apart,6.0,Vin Diesel,Timothy Olyphant,Larenz Tate
Reindeer Games,5.8,Ben Affleck,Gary Sinise,Charlize Theron
Isn't She Great,5.3,Bette Midler,Nathan Lane,Stockard Channing
Yip Man 3,7.0,Donnie Yen,Lynn Xiong,Jin Zhang
There Be Dragons,5.7,Charlie Cox,Wes Bentley,Dougray Scott
Queen of the Desert,5.7,Nicole Kidman,James Franco,Robert Pattinson
Head of State,5.4,Chris Rock,Bernie Mac,Lynn Whitfield
It,7.3,Bill Skarsgård,Jaeden Martell,Finn Wolfhard
The Hangover,7.7,Zach Galifianakis,Bradley Cooper,Justin Bartha
The Blind Side,7.6,Quinton Aaron,Sandra Bullock,Tim McGraw
True Grit,7.6,Jeff Bridges,Matt Damon,Hailee Steinfeld
Identity Thief,5.7,Jason Bateman,Melissa McCarthy,John Cho
The Devil Wears Prada,6.9,Anne Hathaway,Meryl Streep,Adrian Grenier
Horrible Bosses,6.9,Jason Bateman,Charlie Day,Jason Sudeikis
Spy Kids,5.6,Alexa PenaVega,Daryl Sabara,Antonio Banderas
Trainwreck,6.2,Amy Schumer,Bill Hader,Brie Larson
Saving Mr. Banks,7.5,Emma Thompson,Tom Hanks,Annie Rose Buckley
21,6.8,Jim Sturgess,Kate Bosworth,Kevin Spacey
What Happens in Vegas...,6.1,Cameron Diaz,Ashton Kutcher,Rob Corddry
Hotel for Dogs,5.5,Emma Roberts,Jake T. Austin,Lisa Kudrow
Guess Who,5.9,Ashton Kutcher,Bernie Mac,Zoe Saldana
This is 40,6.2,Paul Rudd,Leslie Mann,Maude Apatow
Sky High,6.3,Kurt Russell,Kelly Preston,Michael Angarano
A Nightmare on Elm Street,5.2,Jackie Earle Haley,Rooney Mara,Kyle Gallner
The Cell,6.4,Jennifer Lopez,Vince Vaughn,Vincent D'Onofrio
The Benchwarmers,5.5,David Spade,Jon Heder,Rob Schneider
Secretariat,7.2,Diane Lane,John Malkovich,Margo Martindale
Friends with Benefits,6.6,Mila Kunis,Justin Timberlake,Patricia Clarkson
Neighbors 2: Sorority Rising,5.7,Seth Rogen,Rose Byrne,Zac Efron
TMNT,6.2,Patrick Stewart,Mako,Chris Evans
Radio,6.9,Cuba Gooding Jr.,Ed Harris,Debra Winger
Sicario: Day of the Soldado,7.1,Benicio Del Toro,Josh Brolin,Isabela Merced
Old Dogs,5.3,Robin Williams,John Travolta,Seth Green
Poltergeist,4.9,Sam Rockwell,Rosemarie DeWitt,Kennedi Clements
Goosebumps 2: Haunted Halloween,5.6,Wendi McLendon-Covey,Madison Iseman,Jeremy Ray Taylor
12 Strong,6.5,Chris Hemsworth,Michael Shannon,Michael Peña
Underworld 3: Rise of the Lycans,,,,
Must Love Dogs,5.9,Diane Lane,John Cusack,Elizabeth Perkins
License to Wed,5.2,Mandy Moore,John Krasinski,Robin Williams
Max Payne,5.3,Mark Wahlberg,Mila Kunis,Beau Bridges
Resident Evil,6.7,Milla Jovovich,Michelle Rodriguez,Ryan McCluskey
The Ladykillers,6.2,Tom Hanks,Marlon Wayans,Irma P. Hall
Something Borrowed,5.8,Ginnifer Goodwin,Kate Hudson,Colin Egglesfield
The Nativity Story,,,,
In Time,6.7,Justin Timberlake,Amanda Seyfried,Cillian Murphy
The Back-up Plan,5.3,Jennifer Lopez,Alex O'Loughlin,Michaela Watkins
J. Edgar,6.5,Leonardo DiCaprio,Armie Hammer,Naomi Watts
Bounce,5.8,Ben Affleck,Gwyneth Paltrow,Natasha Henstridge
Mile 22,6.1,Mark Wahlberg,Lauren Cohan,Iko Uwais
Hot Pursuit,5.1,Reese Witherspoon,Sofía Vergara,Matthew Del Negro
Concussion,7.1,Will Smith,Alec Baldwin,Albert Brooks
The Foreigner,7.0,Katie Leung,Jackie Chan,Rufus Jones
Closer,7.2,Natalie Portman,Jude Law,Clive Owen
Black Knight,4.9,Martin Lawrence,Marsha Thomason,Tom Wilkinson
The Bad News Bears,,,,
The Pianist,8.6,Adrien Brody,Thomas Kretschmann,Frank Finlay
House of Wax,5.4,Chad Michael Murray,Paris Hilton,Elisha Cuthbert
From Hell,6.8,Johnny Depp,Heather Graham,Ian Holm
Adrift,6.6,Shailene Woodley,Sam Claflin,Jeffrey Thomas
Mirrors,6.1,Kiefer Sutherland,Paula Patton,Amy Smart
Underworld: Blood Wars,5.7,Kate Beckinsale,Theo James,Tobias Menzies
Queen of the Damned,5.2,Aaliyah,Stuart Townsend,Marguerite Moreau
Nanny McPhee and the Big Bang,6.1,Emma Thompson,Maggie Gyllenhaal,Ralph Fiennes
Untraceable,6.2,Diane Lane,Colin Hanks,Joseph Cross
Abduction,5.1,Taylor Lautner,Lily Collins,Alfred Molina
Superhero Movie,4.6,Drake Bell,Leslie Nielsen,Sara Paxton
Alex Cross,5.1,Tyler Perry,Matthew Fox,Rachel Nichols
Jersey Girl,6.2,Ben Affleck,Liv Tyler,Raquel Castro
Bridget Jones’s Baby,6.5,Renée Zellweger,Gemma Jones,Jim Broadbent
Heist,6.5,Gene Hackman,Rebecca Pidgeon,Danny DeVito
Whiskey Tango Foxtrot,6.6,Tina Fey,Margot Robbie,Martin Freeman
Ella Enchanted,6.3,Anne Hathaway,Hugh Dancy,Cary Elwes
Hitman: Agent 47,5.7,Rupert Friend,Hannah Ware,Zachary Quinto
Phantom Thread,7.5,Vicky Krieps,Daniel Day-Lewis,Lesley Manville
The X-Files: I Want to Believe,5.9,David Duchovny,Gillian Anderson,Billy Connolly
Premium Rush,6.5,Joseph Gordon-Levitt,Michael Shannon,Dania Ramirez
Broken City,6.1,Mark Wahlberg,Russell Crowe,Catherine Zeta-Jones
Valiant,5.5,Ewan McGregor,Ricky Gervais,Tim Curry
Wonder Boys,7.3,Michael Douglas,Tobey Maguire,Frances McDormand
Cursed,5.0,Christina Ricci,Jesse Eisenberg,Portia de Rossi
Walk Hard: The Dewey Cox Story,6.8,John C. Reilly,Jenna Fischer,David Krumholtz
The Four Feathers,6.5,Heath Ledger,Wes Bentley,Kate Hudson
Furry Vengeance,3.8,Brendan Fraser,Brooke Shields,Ricky Garcia
Parker,6.2,Jason Statham,Jennifer Lopez,Michael Chiklis
Wimbledon,6.3,Kirsten Dunst,Paul Bettany,Jon Favreau
Bait,5.7,Jamie Foxx,David Morse,Robert Pastorelli
Dungeons and Dragons,,,,
Lions for Lambs,6.2,Tom Cruise,Meryl Streep,Robert Redford
The Tree of Life,6.8,Brad Pitt,Sean Penn,Jessica Chastain
American Outlaws,5.9,Colin Farrell,Scott Caan,Ali Larter
Playing for Keeps,5.7,Gerard Butler,Jessica Biel,Dennis Quaid
Zoom,4.3,Tim Allen,Courteney Cox,Chevy Chase
The Shipping News,6.7,Kevin Spacey,Julianne Moore,Judi Dench
The Young Victoria,7.2,Emily Blunt,Rupert Friend,Paul Bettany
Sabotage,5.7,Arnold Schwarzenegger,Sam Worthington,Terrence Howard
Whiteout,5.5,Kate Beckinsale,Gabriel Macht,Tom Skerritt
Unfinished Business,5.4,Vince Vaughn,Dave Franco,Tom Wilkinson
The Walk,7.3,Joseph Gordon-Levitt,Charlotte Le Bon,Guillaume Baillargeon
The Fountain,7.2,Hugh Jackman,Rachel Weisz,Sean Patrick Thomas
Mandela: Long Walk to Freedom,7.1,Idris Elba,Naomie Harris,Terry Pheto
Punisher: War Zone,5.9,Ray Stevenson,Dominic West,Julie Benz
The Order,5.1,Heath Ledger,Mark Addy,Shannyn Sossamon
A Good Year,6.9,Russell Crowe,Abbie Cornish,Albert Finney
The Brothers Grimsby,6.2,Sacha Baron Cohen,Mark Strong,Rebel Wilson
The Snowman,5.1,Michael Fassbender,Rebecca Ferguson,Charlotte Gainsbourg
Femme Fatale,6.2,Rebecca Romijn,Antonio Banderas,Peter Coyote
Luther,6.6,Joseph Fiennes,Bruno Ganz,Peter Ustinov
Biutiful,,,,
A Hologram for the King,6.1,Tom Hanks,Omar Elba,Sarita Choudhury
Stolen,5.5,Nicolas Cage,Malin Akerman,Josh Lucas
Trespass,5.3,Nicolas Cage,Nicole Kidman,Cam Gigandet
Bandidas,5.7,Penélope Cruz,Salma Hayek,Steve Zahn
The Darkest Hour,4.9,Emile Hirsch,Olivia Thirlby,Max Minghella
Baby Driver,7.6,Ansel Elgort,Jon Bernthal,Jon Hamm
The Maze Runner,6.8,Dylan O'Brien,Kaya Scodelario,Will Poulter
The Longest Ride,7.1,Scott Eastwood,Britt Robertson,Alan Alda
Gake no ue no Ponyo,,,,
The Darkest Minds,5.7,Amandla Stenberg,Mandy Moore,Bradley Whitford
I Dreamed of Africa,5.5,Kim Basinger,Vincent Perez,Liam Aiken
Thunder and the House of Magic,,,,
Big Momma's House,5.2,Martin Lawrence,Nia Long,Paul Giamatti
Exit Wounds,5.6,Steven Seagal,DMX,Isaiah Washington
Mike and Dave Need Wedding Dates,6.0,Zac Efron,Adam Devine,Anna Kendrick
Step Up Revolution,6.4,Kathryn McCormick,Ryan Guzman,Cleopatra Coleman
Snakes on a Plane,5.5,Samuel L. Jackson,Julianna Margulies,Nathan Phillips
The Punisher,6.4,Thomas Jane,John Travolta,Samantha Mathis
The Watcher,5.3,James Spader,Keanu Reeves,Marisa Tomei
21 Bridges,6.6,Chadwick Boseman,Sienna Miller,J.K. Simmons
Safe,6.7,Denzel Washington,Ryan Reynolds,Robert Patrick
Doomsday,5.9,Rhona Mitra,Bob Hoskins,Alexander Siddig
Goal! The Dream Begins,,,,
Bridesmaids,6.8,Kristen Wiig,Maya Rudolph,Rose Byrne
The Reader,7.6,Kate Winslet,Ralph Fiennes,Bruno Ganz
The Big Wedding,5.6,Robert De Niro,Diane Keaton,Katherine Heigl
Wanderlust,5.6,Jennifer Aniston,Paul Rudd,Malin Akerman
Elf,7.0,Will Ferrell,James Caan,Bob Newhart
This is the End,6.6,James Franco,Jonah Hill,Seth Rogen
Snow Dogs,5.2,Cuba Gooding Jr.,James Coburn,Sisqó
Nacho Libre,5.8,Jack Black,Ana de la Reguera,Héctor Jiménez
Takers,6.2,Chris Brown,Hayden Christensen,Matt Dillon
Source Code,7.5,Jake Gyllenhaal,Michelle Monaghan,Vera Farmiga
Men of Honor,7.2,Cuba Gooding Jr.,Robert De Niro,Charlize Theron
I Feel Pretty,5.6,Amy Schumer,Michelle Williams,Emily Ratajkowski
The Transporter 2,,,,
"Big Mommas: Like Father, Like Son",4.4,Martin Lawrence,Brandon T. Jackson,Jessica Lucas
The Number 23,6.4,Jim Carrey,Virginia Madsen,Logan Lerman
Dreamer: Inspired by a True Story,6.8,Kurt Russell,Dakota Fanning,Oded Fehr
Bombshell,6.8,Charlize Theron,Nicole Kidman,Margot Robbie
A History of Violence,7.4,Viggo Mortensen,Maria Bello,Ed Harris
The Incredible Burt Wonderstone,5.9,Steve Carell,Luke Vanek,Steve Buscemi
Laws of Attraction,5.8,Pierce Brosnan,Julianne Moore,Parker Posey
Bad Times at the El Royale,7.1,Jeff Bridges,Cynthia Erivo,Dakota Johnson
