title,imdb_rating,cast_1,cast_2,cast_3,movie_url
Disney’s A Christmas Carol,,,,,https://www.imdb.com/title/tt1067106/
"The Chronicles of Narnia: The Lion, the Witch a…",,,,,https://www.imdb.com/title/tt0363771/
WALL-E,,,,,https://www.imdb.com/title/tt0910970/
Cowboys and Aliens,,,,,https://www.imdb.com/title/tt0409847/
Fast and Furious 6,,,,,https://www.imdb.com/title/tt1905041/
The Chronicles of Narnia: The Voyage of the Daw…,,,,,https://www.imdb.com/title/tt0980970/
Mars Needs Moms,,,,,https://www.imdb.com/title/tt1305591/
Pirates of the Caribbean: The Curse of the Blac…,,,,,https://www.imdb.com/title/tt0325980/
Men in Black 2,,,,,https://www.imdb.com/title/tt0120912/
Harry Potter and the Deathly Hallows: Part II,,,,,https://www.imdb.com/title/tt1201607/
Harry Potter and the Deathly Hallows: Part I,,,,,https://www.imdb.com/title/tt0926084/
X-Men 2,,,,,https://www.imdb.com/title/tt0290334/
Mission: Impossible 2,,,,,https://www.imdb.com/title/tt0120755/
The Fantastic Four,,,,,https://www.imdb.com/title/tt1502712/
Mr. and Mrs. Smith,,,,,https://www.imdb.com/title/tt0356910/
The Divergent Series: Allegiant,,,,,https://www.imdb.com/title/tt3410834/
Dr. Seuss’ The Cat in the Hat,,,,,https://www.imdb.com/title/tt0312528/
"10,000 B.C.",,,,,https://www.imdb.com/title/tt0443649/
The Hangover 3,,,,,https://www.imdb.com/title/tt1951261/
Lemony Snicket's A Series of Unfortunate Events,,,,,https://www.imdb.com/title/tt0339291/
Jin líng shí san chai,,,,,https://www.imdb.com/title/tt1410063/
Kingsman: The Secret Service,,,,,https://www.imdb.com/title/tt2802144/
Spider-Man: Into The Spider-Verse 3D,,,,,https://www.imdb.com/title/tt4633694/
Artificial Intelligence: AI,,,,,https://www.imdb.com/title/tt0212720/
I Now Pronounce You Chuck and Larry,,,,,https://www.imdb.com/title/tt0762107/
Charlotte\'s Web,,,,,https://www.imdb.com/title/tt0413895/
Battlefield Earth: A Saga of the Year 3000,,,,,https://www.imdb.com/title/tt0185183/
Arthur et les Minimoys,,,,,https://www.imdb.com/title/tt0344854/
Astérix et Obélix: Au service de Sa Majesté,,,,,https://www.imdb.com/title/tt1597522/
Dr. Seuss’ The Grinch,,,,,https://www.imdb.com/title/tt2709692/
Wall Street 2: Money Never Sleeps,,,,,https://www.imdb.com/title/tt1027718/
Legends of Oz: Dorothy’s Return,,,,,https://www.imdb.com/title/tt0884726/
Dr. Seuss’ The Lorax,,,,,https://www.imdb.com/title/tt1482459/
Underwater,,,,,https://www.imdb.com/title/tt5774060/
300,,Mariana Liquitaya,Lida Aquise,Rimber Caballero,https://www.imdb.com/title/tt0416449/
Michael Jackson's This Is It,,,,,https://www.imdb.com/title/tt1477715/
Miss Congeniality 2: Armed and Fabulous,,,,,https://www.imdb.com/title/tt0385307/
Inkheart,,,,,https://www.imdb.com/title/tt0494238/
In the Name of the King: A Dungeon Siege Tale,,,,,https://www.imdb.com/title/tt0460780/
Xi You Ji zhi Sun Wu Kong San Da Bai Gu Jing,,,,,https://www.imdb.com/title/tt4591310/
"Che, Part 1: The Argentine",,,,,https://www.imdb.com/title/tt0892255/
Ghost Rider: Spirit of Vengeance,,,,,https://www.imdb.com/title/tt1071875/
R.V.,,,,,https://www.imdb.com/title/tt0449089/
Kill Bill: Volume 1,,,,,https://www.imdb.com/title/tt0266697/
Kill Bill: Volume 2,,,,,https://www.imdb.com/title/tt0378194/
Bullet to the Head,,,,,https://www.imdb.com/title/tt1308729/
Blade 2,,,,,https://www.imdb.com/title/tt0187738/
Barnyard: The Original Party Animals,,,,,https://www.imdb.com/title/tt0414853/
Disney Planes,,,,,https://www.imdb.com/title/tt1691917/
Garfield: The Movie,,,,,https://www.imdb.com/title/tt0356634/
V for Vendetta,,,,,https://www.imdb.com/title/tt0434409/
Planes: Fire and Rescue,,,,,https://www.imdb.com/title/tt2980706/
13 Hours: The Secret Soldiers of Benghazi,,,,,https://www.imdb.com/title/tt4172430/
The Adventures of Sharkboy and Lavagirl in 3-D,,,,,https://www.imdb.com/title/tt0424774/
Defiance,,,,,https://www.imdb.com/title/tt1034303/
Snowden,,,,,https://www.imdb.com/title/tt3774114/
Outlander,,,,,https://www.imdb.com/title/tt0462465/
Taken 3,,,,,https://www.imdb.com/title/tt2446042/
Kate and Leopold,,,,,https://www.imdb.com/title/tt0035423/
Happily N'Ever After,,,,,https://www.imdb.com/title/tt0308353/
Arthur and the War of Two Worlds,,,,,https://www.imdb.com/title/tt0940656/
"Yours, Mine and Ours",,,,,https://www.imdb.com/title/tt0443295/
Kicking and Screaming,,,,,https://www.imdb.com/title/tt0384642/
All Eyez on Me,,,,,https://www.imdb.com/title/tt1666185/
The Producers: The Movie Musical,,,,,https://www.imdb.com/title/tt0395251/
Bloodshot,,,,,https://www.imdb.com/title/tt1634106/
Danny the Dog,,,,,https://www.imdb.com/title/tt0342258/
Micmacs,,,,,https://www.imdb.com/title/tt1149361/
Spy Kids 3-D: Game Over,,,,,https://www.imdb.com/title/tt0338459/
The Conjuring 2: The Enfield Poltergeist,,,,,https://www.imdb.com/title/tt3065204/
Escape From Planet Earth,,,,,https://www.imdb.com/title/tt0765446/
The Water Horse: Legend of the Deep,,,,,https://www.imdb.com/title/tt0760329/
Extremely Loud and Incredibly Close,,,,,https://www.imdb.com/title/tt0477302/
Impostor,,,,,https://www.imdb.com/title/tt0160399/
Alex Rider: Operation Stormbreaker,,,,,https://www.imdb.com/title/tt0457495/
Un monstre à Paris,,,,,https://www.imdb.com/title/tt0961097/
Solomon Kane,,,,,https://www.imdb.com/title/tt0970452/
Dragon Nest Warriors' Dawn,,,,,https://www.imdb.com/title/tt2911342/
Spy Kids 2: The Island of Lost Dreams,,,,,https://www.imdb.com/title/tt0287717/
The Ninth Gate,,,,,https://www.imdb.com/title/tt0142688/
Virgin Territory,,,,,https://www.imdb.com/title/tt0437954/
The Upside,,,,,https://www.imdb.com/title/tt1987680/
Tyler Perry’s Temptation,,,,,https://www.imdb.com/title/tt2070862/
Gnomeo and Juliet,,,,,https://www.imdb.com/title/tt0377981/
Underworld 3: Rise of the Lycans,,,,,https://www.imdb.com/title/tt0834001/
The Nativity Story,,,,,https://www.imdb.com/title/tt0762121/
The Bad News Bears,,,,,https://www.imdb.com/title/tt0408524/
Dungeons and Dragons,,,,,https://www.imdb.com/title/tt0190374/
Biutiful,,,,,https://www.imdb.com/title/tt1164999/
Gake no ue no Ponyo,,,,,https://www.imdb.com/title/tt0876563/
Thunder and the House of Magic,,,,,https://www.imdb.com/title/tt3148834/
Goal! The Dream Begins,,,,,https://www.imdb.com/title/tt0380389/
The Transporter 2,,,,,https://www.imdb.com/title/tt0388482/
Birth of the Dragon,,,,,https://www.imdb.com/title/tt2720826/
Pokemon 2000,,,,,https://www.imdb.com/title/tt0210234/
The Cabin in the Woods,,,,,https://www.imdb.com/title/tt1259521/
Love and Other Drugs,,,,,https://www.imdb.com/title/tt0758752/
Splice,,,,,https://www.imdb.com/title/tt1017460/
88 Minutes,,,,,https://www.imdb.com/title/tt0411061/
The Lost City of Z,,,,,https://www.imdb.com/title/tt1212428/
Barney's Version,,,,,https://www.imdb.com/title/tt1423894/
The Current War: Director’s Cut,,,,,https://www.imdb.com/title/tt2140507/
Wu ji,,,,,https://www.imdb.com/title/tt0417976/
Bilal: A New Breed of Hero,,,,,https://www.imdb.com/title/tt3576728/
DOA: Dead or Alive,,,,,https://www.imdb.com/title/tt0398913/
Le Petit Nicolas,,,,,https://www.imdb.com/title/tt1264904/
Xinhai geming,,,,,https://www.imdb.com/title/tt1772230/
Genghis Khan: To the Ends of the Earth and Sea,,,,,https://www.imdb.com/title/tt0770722/
Savva. Serdtse voyna,,,,,https://www.imdb.com/title/tt4075322/
Ripley's Game,,,,,https://www.imdb.com/title/tt0265651/
Winged Migration,,,,,https://www.imdb.com/title/tt0301727/
John Carpenter’s Ghosts of Mars,,,,,https://www.imdb.com/title/tt0228333/
Case 39,,,,,https://www.imdb.com/title/tt0795351/
Formula 51,,,,,https://www.imdb.com/title/tt0227984/
Mindhunters,,,,,https://www.imdb.com/title/tt0297284/
Viy,,,,,https://www.imdb.com/title/tt1224378/
Tyler Perry's A Madea Christmas,,,,,https://www.imdb.com/title/tt2609758/
The Grey,,,,,https://www.imdb.com/title/tt1601913/
Nanny McPhee,,,,,https://www.imdb.com/title/tt0396752/
Don't Be Afraid of the Dark,,,,,https://www.imdb.com/title/tt1270761/
Masterminds,,,,,https://www.imdb.com/title/tt2461150/
Fly Me To the Moon,,,,,https://www.imdb.com/title/tt0486321/
The Conspirator,,,,,https://www.imdb.com/title/tt0968264/
The Lords of Dogtown,,,,,https://www.imdb.com/title/tt0355702/
The Hoax,,,,,https://www.imdb.com/title/tt0462338/
BloodRayne,,,,,https://www.imdb.com/title/tt0383222/
Me and Orson Welles,,,,,https://www.imdb.com/title/tt1175506/
Les petits mouchoirs,,,,,https://www.imdb.com/title/tt1440232/
Belka i Strelka. Zvezdnye sobaki,,,,,https://www.imdb.com/title/tt1272051/
La véritable histoire du Chat Botté,,,,,https://www.imdb.com/title/tt1239462/
Hauru no ugoku shiro,,,,,https://www.imdb.com/title/tt0347149/
The Bridge of San Luis Rey,,,,,https://www.imdb.com/title/tt0356443/
Kari gurashi no Arietti,,,,,https://www.imdb.com/title/tt1568921/
Haywire,,,,,https://www.imdb.com/title/tt1506999/
Eddie the Eagle,,,,,https://www.imdb.com/title/tt1083452/
Rogue,,,,,https://www.imdb.com/title/tt0479528/
Ch?i dàn zhu?nji?,,,,,https://www.imdb.com/title/tt6015328/
Shi Yue Wei Cheng,,,,,https://www.imdb.com/title/tt4559518/
The Libertine,,,,,https://www.imdb.com/title/tt0375920/
Zwartboek,,,,,https://www.imdb.com/title/tt0389557/
Joyeux Noël,,,,,https://www.imdb.com/title/tt0424205/
Victoria and Abdul,,,,,https://www.imdb.com/title/tt5816682/
Robot Overlords,,,,,https://www.imdb.com/title/tt2145829/
Jackass 3D,,,,,https://www.imdb.com/title/tt1116184/
Tyler Perry’s Boo! A Madea Halloween,,,,,https://www.imdb.com/title/tt5325452/
Tyler Perry's Madea's Witness Protection,,,,,https://www.imdb.com/title/tt2215285/
Selma,,,,,https://www.imdb.com/title/tt1020072/
Peter Pan: Return to Neverland,,,,,https://www.imdb.com/title/tt0280030/
The Debt,,Bangdong Lin,Haizhu Zhou,,https://www.imdb.com/title/tt1226753/
Silent Hill: Revelation 3D,,,,,https://www.imdb.com/title/tt0938330/
Capitalism: A Love Story,,,,,https://www.imdb.com/title/tt1232207/
Crank 2: High Voltage,,,,,https://www.imdb.com/title/tt1121931/
Ratchet and Clank,,,,,https://www.imdb.com/title/tt2865120/
The Brothers Bloom,,,,,https://www.imdb.com/title/tt0844286/
LBJ,,,,,https://www.imdb.com/title/tt4778988/
Bon Voyage,,,,,https://www.imdb.com/title/tt0310778/
The Proposition,,,,,https://www.imdb.com/title/tt0421238/
Dylan Dog: Dead of Night,,,,,https://www.imdb.com/title/tt1013860/
Jìyì dàsh?,,,,,https://www.imdb.com/title/tt5636668/
The Burning Plain,,,,,https://www.imdb.com/title/tt1068641/
People I Know,,,,,https://www.imdb.com/title/tt0274711/
Three Kingdoms: Resurrection of the Dragon,,,,,https://www.imdb.com/title/tt0882978/
The Touch,,,,,https://www.imdb.com/title/tt0293660/
Der Baader Meinhof Komplex,,,,,https://www.imdb.com/title/tt0765432/
Thirteen Ghosts,,,,,https://www.imdb.com/title/tt0245674/
George Balanchine\'s The Nutcracker,,,,,https://www.imdb.com/title/tt0107719/
George A. Romero's Land of the Dead,,,,,https://www.imdb.com/title/tt0418819/
Ne le dis à personne,,,,,https://www.imdb.com/title/tt0362225/
Left Behind,,,,,https://www.imdb.com/title/tt0190524/
Norm of the North,,,,,https://www.imdb.com/title/tt1594972/
Youth in Revolt,,,,,https://www.imdb.com/title/tt0403702/
Labor Day,,,,,https://www.imdb.com/title/tt1967545/
The Last Station,,,,,https://www.imdb.com/title/tt0824758/
Mongol,,,,,https://www.imdb.com/title/tt0416044/
Mao's Last Dancer,,,,,https://www.imdb.com/title/tt1071812/
The Railway Man,,,,,https://www.imdb.com/title/tt2058107/
Carlos,,,,,https://www.imdb.com/title/tt1672282/
My Spy,,,,,https://www.imdb.com/title/tt8242084/
Hotel Mumbai,,,,,https://www.imdb.com/title/tt5461944/
Jet Li's Hero,,,,,https://www.imdb.com/title/tt0299977/
Smokin' Aces,,,,,https://www.imdb.com/title/tt0475394/
Brooklyn's Finest,,,,,https://www.imdb.com/title/tt1210042/
How She Move,,,,,https://www.imdb.com/title/tt0770810/
Escobar: Paradise Lost,,,,,https://www.imdb.com/title/tt2515030/
"Mune, le gardien de la lune",,,,,https://www.imdb.com/title/tt3858372/
Chasseurs de dragons,,,,,https://www.imdb.com/title/tt0944834/
"Men, Women and Children",,,,,https://www.imdb.com/title/tt3179568/
Teen Spirit,,,,,https://www.imdb.com/title/tt6483364/
Enter the Void,,,,,https://www.imdb.com/title/tt1191111/
Haeundae,,,,,https://www.imdb.com/title/tt1153040/
Hachiko: A Dog’s Story,,,,,https://www.imdb.com/title/tt1028532/
The Old Man and the Gun,,,,,https://www.imdb.com/title/tt2837574/
Slow Burn,,,,,https://www.imdb.com/title/tt0376196/
Madison,,,,,https://www.imdb.com/title/tt0206113/
Wasabi,,,,,https://www.imdb.com/title/tt0281364/
Jackass Presents: Bad Grandpa,,,,,https://www.imdb.com/title/tt3063516/
Halloween 2,,,,,https://www.imdb.com/title/tt1311067/
The Place Beyond the Pines,,,,,https://www.imdb.com/title/tt1817273/
The Hurt Locker,,,,,https://www.imdb.com/title/tt0887912/
Eye of the Beholder,,,,,https://www.imdb.com/title/tt0120662/
U2 3D,,,,,https://www.imdb.com/title/tt0892375/
Knockaround Guys,,,,,https://www.imdb.com/title/tt0211465/
Black Snake Moan,,,,,https://www.imdb.com/title/tt0462200/
Dark Blue,,,,,https://www.imdb.com/title/tt0279331/
Boat Trip,,,,,https://www.imdb.com/title/tt0285462/
Los tres entierros de Melquiades Estrada,,,,,https://www.imdb.com/title/tt0419294/
The Company Men,,,,,https://www.imdb.com/title/tt1172991/
Funny Games,,,,,https://www.imdb.com/title/tt0808279/
Banlieue 13,,,,,https://www.imdb.com/title/tt0414852/
Cìkè Niè Yinniáng,,,,,https://www.imdb.com/title/tt3508840/
The Reluctant Fundamentalist,,,,,https://www.imdb.com/title/tt2032557/
Buffalo Soldiers,,,,,https://www.imdb.com/title/tt0252299/
Ong-Bak 2,,,,,https://www.imdb.com/title/tt0785035/
A Few Best Men,,,,,https://www.imdb.com/title/tt1640711/
San suk si gin,,,,,https://www.imdb.com/title/tt1075419/
Elle s'appelait Sarah,,,,,https://www.imdb.com/title/tt1668200/
Manderlay,,,,,https://www.imdb.com/title/tt0342735/
Tyler Perry's Good Deeds,,,,,https://www.imdb.com/title/tt1885265/
The Iron Lady,,,,,https://www.imdb.com/title/tt1007029/
An American Haunting,,,,,https://www.imdb.com/title/tt0429573/
Jason X,,,,,https://www.imdb.com/title/tt0211443/
Suffragette,,,,,https://www.imdb.com/title/tt3077214/
Easy Virtue,,,,,https://www.imdb.com/title/tt0808244/
Les herbes folles,,,,,https://www.imdb.com/title/tt1156143/
Reign of Assassins,,,,,https://www.imdb.com/title/tt1460743/
Der Untergang,,,,,https://www.imdb.com/title/tt0363163/
Under the Skin,,,,,https://www.imdb.com/title/tt1441395/
Justin Bieber: Never Say Never,,,,,https://www.imdb.com/title/tt1702443/
21 and Over,,,,,https://www.imdb.com/title/tt1711425/
Eye in the Sky,,,,,https://www.imdb.com/title/tt2057392/
The Astronaut Farmer,,,,,https://www.imdb.com/title/tt0469263/
Birthday Girl,,,,,https://www.imdb.com/title/tt0188453/
"Paris, je t'aime",,,,,https://www.imdb.com/title/tt0401711/
The Widow of St. Pierre,,,,,https://www.imdb.com/title/tt0191636/
Un Prophète,,,,,https://www.imdb.com/title/tt1235166/
"I Love You, Phillip Morris",,,,,https://www.imdb.com/title/tt1045772/
Solitary Man,,,,,https://www.imdb.com/title/tt1294213/
Tae Guik Gi: The Brotherhood of War,,,,,https://www.imdb.com/title/tt0386064/
The Perfect Game,,,,,https://www.imdb.com/title/tt0473102/
A Little Bit of Heaven,,,,,https://www.imdb.com/title/tt1440161/
Katy Perry: Part of Me,,,,,https://www.imdb.com/title/tt2215719/
Charlie Bartlett,,,,,https://www.imdb.com/title/tt0423977/
Two Lovers,,,,,https://www.imdb.com/title/tt1103275/
Last Orders,,,,,https://www.imdb.com/title/tt0253200/
Gwoemul,,,,,https://www.imdb.com/title/tt0468492/
Married Life,,,,,https://www.imdb.com/title/tt0804505/
Ondine,,,,,https://www.imdb.com/title/tt1235796/
Kahlil Gibran's The Prophet,,,,,https://www.imdb.com/title/tt1640718/
Life Before Her Eyes,,,,,https://www.imdb.com/title/tt0815178/
Company Man,,,,,https://www.imdb.com/title/tt0177650/
Woman Walks Ahead,,,,,https://www.imdb.com/title/tt5436228/
1612,,,,,https://www.imdb.com/title/tt1139085/
Tu Xia Chuan Qi,,,,,https://www.imdb.com/title/tt1876517/
Triangle,,,,,https://www.imdb.com/title/tt1187064/
Jackass: Number Two,,,,,https://www.imdb.com/title/tt0493430/
Phone Booth,,,,,
Frailty,,,,,
The Guru,,,,,
Romance and Cigarettes,,,,,
Les Intouchables,,,,,
Jindabyne,,,,,
PMC: deo beong-keo,,,,,
Precious (Based on the Novel Push by Sapphire),,,,,
The Best Exotic Marigold Hotel,,,,,
Kevin Hart: What Now?,,,,,
The Grudge,,,,,
End of the Spear,,,,,
The Legend of Drunken Master,,,,,
Movie 43,,,,,
Dirty Pretty Things,,,,,
Bad Words,,,,,
While We're Young,,,,,
A.X.L.,,,,,
Teacher's Pet: The Movie,,,,,
"Run, Fatboy, Run",,,,,
Rescue Dawn,,,,,
Black and White,,,,,
Io sono l’amore,,,,,
Brian Banks,,,,,
"Jeff, Who Lives at Home",,,,,
The Man Who Knew Infinity,,,,,
Atlas Shrugged: Part II,,,,,
Hillsong: Let Hope Rise,,,,,
The Iceman,,,,,
Testament of Youth,,,,,
Free Fire,,,,,
Spider,,,,,
The Joneses,,,,,
Killer Joe,,,,,
My Blueberry Nights,,,,,
Coriolanus,,,,,
Shaolin Soccer,,,,,
The Brown Bunny,,,,,
Free Style,,,,,
Joheunnom nabbeunnom isanghannom,,,,,
The Oxford Murders,,,,,
White Noise 2: The Light,,,,,
American Heist,,,,,
Fifty Dead Men Walking,,,,,
The Lost City,,,,,
Mine Vaganti,,,,,
Sicko,,,,,
Black or White,,,,,
Glee: The 3D Concert Movie,,,,,
The Ultimate Gift,,,,,
Trust the Man,,,,,
Princess Kaiulani,,,,,
Flammen og Citronen,,,,,
Beneath Hill 60,,,,,
Polisse,,,,,
Dofus - Livre 1: Julith,,,,,
The Namesake,,,,,
Silmido,,,,,
A.C.O.R.N.S.: Operation Crackdown,,,,,
The City of Your Final Destination,,,,,
28 Days Later…,,,,,
Begin Again,,,,,
The Boondock Saints 2: All Saints Day,,,,,
Held Up,,,,,
Anomalisa,,,,,
Lean on Pete,,,,,
And When Did You Last See Your Father?,,,,,
El Chicano,,,,,
The Secret of Kells,,,,,
Down in the Valley,,,,,
Wuthering Heights,,,,,
Aloft,,,,,
Fireflies in the Garden,,,,,
Feichang Xingyun,,,,,
Imagine Me & You,,,,,
Loin des hommes,,,,,
Thank You For Smoking,,,,,
Code 46,,,,,
Harry Brown,,,,,
Die Welle,,,,,
The Descent,,,,,
Michael Jordan to the MAX,,,,,
"House of 1,000 Corpses",,,,,
Get Low,,,,,
The Mighty Macs,,,,,
We Need to Talk About Kevin,,,,,
Factory Girl,,,,,
Mother and Child,,,,,
Gerry,,,,,
The Heart of Me,,,,,
Twixt,,,,,
Aimée & Jaguar,,,,,
Bran Nue Dae,,,,,
Tropa de Elite,,,,,
Hannah Montana and Miley Cyrus: Best of Both Wo…,,,,,
Nowhere in Africa,,,,,
Layer Cake,,,,,
Die Fälscher,,,,,
Gomorra,,,,,
Fahrenheit 9/11,,,,,
Bernie,,,,,
Dolphins and Whales Tribes of the Ocean 3D,,,,,
City Island,,,,,
The Virgin Suicides,,,,,
Jûsan-nin no shikaku,,,,,
Akmareul Boatda (??? ???),,,,,
L'auberge espagnole,,,,,
Tom yum goong,,,,,
Valhalla Rising,,,,,
[Rec] 2,,,,,
Haevnen,,,,,
Irreversible,,,,,
Não Pare na Pista: A Melhor História de Paulo C…,,,,,
Tao Jie,,,,,
La Vie d'Adèle – Chapitres 1 & 2,,,,,
Hodejegerne,,,,,
Saint Ralph,,,,,
Oculus,,,,,
Memento,,,,,
Still Alice,,,,,
O (Othello),,,,,
Spring Breakers,,,,,
Y Tu Mamá También,,,,,
Hillary’s America: The Secret History of the De…,,,,,
Sunshine Cleaning,,,,,
The Belko Experiment,,,,,
Fahrenheit 11/9,,,,,
Sea Rex 3D: Journey to a Prehistoric World,,,,,
Des Hommes et Des Dieux,,,,,
Green Room,,,,,
Thoroughbreds,,,,,
Everything Must Go,,,,,
American Teen,,,,,
Jimi: All is By My Side,,,,,
Tucker & Dale vs. Evil,,,,,
Mientras duermes,,,,,
Obsluhoval jsem anglického krále,,,,,
Soul Kitchen,,,,,
Hostel,,,,,
Tristram Shandy: A Cock and Bull Story,,,,,
Dear Frankie,,,,,
Le nom des gens,,,,,
Savage Grace,,,,,
Out of the Blue,,,,,
Nannerl la soeur de Mozart,,,,,
Spun,,,,,
Chinjeolhan geumjassi,,,,,
Lilja 4-ever,,,,,
After.Life,,,,,
Airlift (2016),,,,,
Whale Rider,,,,,
Sexy Beast,,,,,
Nochnoy dozor,,,,,
Bug,,,,,
The Real Cancun,,,,,
Samsara,,,,,
Cafarnaúm,,,,,
Poolhall Junkies,,,,,
"Guten Tag, Ramon",,,,,
Manglehorn,,,,,
Tau ming chong,,,,,
Stake Land,,,,,
The Good Heart,,,,,
L’attentat,,,,,
Casa de Areia,,,,,
El secreto de sus ojos,,,,,
First Reformed,,,,,
La otra conquista,,,,,
The Bronze,,,,,
Trolljegeren,,,,,
Surveillance,,,,,
La marche de l'empereur,,,,,
La Tourneuse de Pages,,,,,
Cidade de Deus,,,,,
Human Traffic,,,,,
Entre les murs,,,,,
Beginners,,,,,
The Meddler,,,,,
Feast,,,,,
The Original Kings of Comedy,,,,,
Bowling for Columbine,,,,,
Martin Lawrence Live: RunTelDat,,,,,
Pokemon 3: The Movie,,,,,
Dave Chappelle's Block Party,,,,,
East is East,,,,,
Frances Ha,,,,,
Thirteen Conversations About One Thing,,,,,
Tsotsi,,,,,
DysFunkTional Family,,,,,
Damsels in Distress,,,,,
Fish Tank,,,,,
à l\'intérieur,,,,,
Boynton Beach Club,,,,,
High Tension,,,,,
Diary of the Dead,,,,,
Riding Giants,,,,,
Los Cronocrímenes,,,,,
La Cara Oculta,,,,,
2016: Obama’s America,,,,,
Kevin Hart: Let Me Explain,,,,,
Religulous,,,,,
Jesus' Son,,,,,
Saving Face,,,,,
Brick Lane,,,,,
The Other End of the Line,,,,,
Thr3e,,,,,
This is England,,,,,
Jackass: The Movie,,,,,
It Follows,,,,,
Silent House,,,,,
Das Leben der Anderen,,,,,
Hardcore Henry,,,,,
Winter\'s Bone,,,,,
Meet the Mormons,,,,,
Amores Perros,,,,,
Touching the Void,,,,,
Inside Job,,,,,
Harsh Times,,,,,
Ghost Dog: The Way of the Samurai,,,,,
Waltz with Bashir,,,,,
Strangers with Candy,,,,,
Son of Rambow: A Home Movie,,,,,
No End In Sight,,,,,
In the Shadow of the Moon,,,,,
Meek's Cutoff,,,,,
Sharkwater,,,,,
Inside Deep Throat,,,,,
Dinner Rush,,,,,
Teeth,,,,,
It's All Gone Pete Tong,,,,,
Lost River,,,,,
Man on Wire,,,,,
Nowhere Boy,,,,,
Submarine,,,,,
The Square,,,,,
El crimen de padre Amaro,,,,,
Songcatcher,,,,,
POM Wonderful Presents: The Greatest Movie Ever…,,,,,
Travellers and Magicians,,,,,
May,,,,,
La misma luna,,,,,
The Lunchbox,,,,,
My Summer of Love,,,,,
Yes,,,,,
Sukkar banat,,,,,
Insidious,,,,,
Cabin Fever,,,,,
Kissing Jessica Stein,,,,,
Run the Race,,,,,
The Gatekeepers,,,,,
Nueve Reinas,,,,,
The Lords of Salem,,,,,
Unsullied,,,,,
The Believer,,,,,
The Disappearance of Alice Creed,,,,,
El abrazo de la serpiente,,,,,
The Holy Girl,,,,,
Journey from the Fall,,,,,
The Basket,,,,,
Filly Brown,,,,,
Super Troopers,,,,,
Monsoon Wedding,,,,,
But I'm a Cheerleader,,,,,
Ong-Bak,,,,,
Serbuan maut,,,,,
Unfriended,,,,,
An Inconvenient Truth,,,,,
You're Next,,,,,
"Hello, My Name is Doris",,,,,
Godzilla 2000,,,,,
Transamerica,,,,,
The Green Inferno,,,,,
I Am Not Your Negro,,,,,
Shine a Light,,,,,
October Baby,,,,,
20 Feet From Stardom,,,,,
"Food, Inc.",,,,,
An Inconvenient Sequel,,,,,
Who Killed the Electric Car?,,,,,
The Secrets of Jonathan Sperry,,,,,
Bubba Ho-Tep,,,,,
Visages villages,,,,,
Palo Alto,,,,,
Ajami,,,,,
The Act of Killing,,,,,
Alone with Her,,,,,
Hard Candy,,,,,
Lowriders,,,,,
"4 luni, 3 saptamani si 2 zile",,,,,
Latter Days,,,,,
Celeste and Jesse Forever,,,,,
London to Brighton,,,,,
Raising Victor Vargas,,,,,
Saints and Soldiers,,,,,
Kevin Hart: Laugh at My Pain,,,,,
Aqua Teen Hunger Force Colon Movie Film for The…,,,,,
Bikur Ha-Tizmoret,,,,,
Best of Enemies,,,,,
The Innkeepers,,,,,
Donkey Punch,,,,,
All the Boys Love Mandy Lane,,,,,
Rize,,,,,
Open Water,,,,,
Mad Hot Ballroom,,,,,
To Save a Life,,,,,
Wordplay,,,,,
Sholem Aleichem: Laughing in the Darkness,,,,,
Lonesome Jim,,,,,
Rubber,,,,,
Griffin & Phoenix,,Michael B. Moore,,,
Paranormal Activity,,,,,
Brick,,,,,
Conversations with Other Women,,,,,
Moartea domnului Lazarescu,,,,,
Twenty-Two,,,,,
Dogtown and Z-Boys,,,,,
Tarnation,,,,,
Stan Helsing: A Parody,,,,,
Murderball,,,,,
Kynodontas,,,,,
Tupac Resurrection,,,,,
Ayurveda: Art of Being,,,,,
Lovely and Amazing,,,,,
Sleight,,,,,
Better Luck Tomorrow,,,,,
Bronson,,,,,
Embrace,,Matthew Aninzo,Tammy Barboza,Andrew Campbell,
The Grace Card,,,,,
Your Sister's Sister,,,,,https://www.imdb.com/title/tt1742336/
Super Size Me,,,,,https://www.imdb.com/title/tt0390521/
Dayereh,,,,,https://www.imdb.com/title/tt0255094/
