title,imdb_rating,cast_1,cast_2,cast_3,movie_url,imdb_id
Disney’s A Christmas Carol,6.8,Jim Carrey,Gary Oldman,Colin Firth,https://www.imdb.com/title/tt1067106/,tt1067106
"The Chronicles of Narnia: The Lion, the Witch a…",6.9,Tilda Swinton,Georgie Henley,William Moseley,https://www.imdb.com/title/tt0363771/,tt0363771
WALL-E,8.4,Ben Burtt,Elissa Knight,Jeff Garlin,https://www.imdb.com/title/tt0910970/,tt0910970
Cowboys and Aliens,6.0,Daniel Craig,Harrison Ford,Olivia Wilde,https://www.imdb.com/title/tt0409847/,tt0409847
Fast and Furious 6,7.1,Vin Diesel,Paul Walker,Dwayne Johnson,https://www.imdb.com/title/tt1905041/,tt1905041
The Chronicles of Narnia: The Voyage of the Daw…,6.3,Ben Barnes,Skandar Keynes,Georgie Henley,https://www.imdb.com/title/tt0980970/,tt0980970
Mars Needs Moms,5.4,Seth Green,Joan Cusack,Dan Fogler,https://www.imdb.com/title/tt1305591/,tt1305591
Pirates of the Caribbean: The Curse of the Blac…,8.1,Johnny Depp,Geoffrey Rush,Orlando Bloom,https://www.imdb.com/title/tt0325980/,tt0325980
Men in Black 2,6.1,Tommy Lee Jones,Will Smith,Rip Torn,https://www.imdb.com/title/tt0120912/,tt0120912
Harry Potter and the Deathly Hallows: Part II,8.2,Daniel Radcliffe,Emma Watson,Rupert Grint,https://www.imdb.com/title/tt1201607/,tt1201607
Harry Potter and the Deathly Hallows: Part I,7.7,Daniel Radcliffe,Emma Watson,Rupert Grint,https://www.imdb.com/title/tt0926084/,tt0926084
X-Men 2,7.4,Patrick Stewart,Hugh Jackman,Halle Berry,https://www.imdb.com/title/tt0290334/,tt0290334
Mission: Impossible 2,6.1,Tom Cruise,Dougray Scott,Thandiwe Newton,https://www.imdb.com/title/tt0120755/,tt0120755
The Fantastic Four,4.3,Miles Teller,Kate Mara,Michael B. Jordan,https://www.imdb.com/title/tt1502712/,tt1502712
Mr. and Mrs. Smith,6.5,Brad Pitt,Angelina Jolie,Adam Brody,https://www.imdb.com/title/tt0356910/,tt0356910
The Divergent Series: Allegiant,5.7,Shailene Woodley,Theo James,Jeff Daniels,https://www.imdb.com/title/tt3410834/,tt3410834
Dr. Seuss’ The Cat in the Hat,4.1,Mike Myers,Spencer Breslin,Dakota Fanning,https://www.imdb.com/title/tt0312528/,tt0312528
"10,000 B.C.",5.1,Camilla Belle,Steven Strait,Marco Khan,https://www.imdb.com/title/tt0443649/,tt0443649
The Hangover 3,5.8,Bradley Cooper,Zach Galifianakis,Ed Helms,https://www.imdb.com/title/tt1951261/,tt1951261
Lemony Snicket's A Series of Unfortunate Events,6.8,Jim Carrey,Jude Law,Meryl Streep,https://www.imdb.com/title/tt0339291/,tt0339291
Jin líng shí san chai,7.5,Christian Bale,Ni Ni,Xinyi Zhang,https://www.imdb.com/title/tt1410063/,tt1410063
Kingsman: The Secret Service,7.7,Colin Firth,Taron Egerton,Samuel L. Jackson,https://www.imdb.com/title/tt2802144/,tt2802144
Spider-Man: Into The Spider-Verse 3D,8.4,Shameik Moore,Jake Johnson,Hailee Steinfeld,https://www.imdb.com/title/tt4633694/,tt4633694
Artificial Intelligence: AI,7.2,Haley Joel Osment,Jude Law,Frances O'Connor,https://www.imdb.com/title/tt0212720/,tt0212720
I Now Pronounce You Chuck and Larry,5.9,Adam Sandler,Kevin James,Jessica Biel,https://www.imdb.com/title/tt0762107/,tt0762107
Charlotte\'s Web,6.3,Dakota Fanning,Julia Roberts,Oprah Winfrey,https://www.imdb.com/title/tt0413895/,tt0413895
Battlefield Earth: A Saga of the Year 3000,2.5,John Travolta,Forest Whitaker,Barry Pepper,https://www.imdb.com/title/tt0185183/,tt0185183
Arthur et les Minimoys,6.0,Freddie Highmore,Mia Farrow,Madonna,https://www.imdb.com/title/tt0344854/,tt0344854
Astérix et Obélix: Au service de Sa Majesté,5.3,Gérard Depardieu,Dany Boon,Edouard Baer,https://www.imdb.com/title/tt1597522/,tt1597522
Dr. Seuss’ The Grinch,6.3,Benedict Cumberbatch,Cameron Seely,Rashida Jones,https://www.imdb.com/title/tt2709692/,tt2709692
Wall Street 2: Money Never Sleeps,6.2,Shia LaBeouf,Michael Douglas,Carey Mulligan,https://www.imdb.com/title/tt1027718/,tt1027718
Legends of Oz: Dorothy’s Return,5.1,Lea Michele,Kelsey Grammer,Dan Aykroyd,https://www.imdb.com/title/tt0884726/,tt0884726
Dr. Seuss’ The Lorax,6.4,Zac Efron,Taylor Swift,Danny DeVito,https://www.imdb.com/title/tt1482459/,tt1482459
Underwater,5.8,Kristen Stewart,Vincent Cassel,Mamoudou Athie,https://www.imdb.com/title/tt5774060/,tt5774060
300,7.6,Gerard Butler,Lena Headey,David Wenham,https://www.imdb.com/title/tt0416449/,tt0416449
Michael Jackson's This Is It,7.3,Michael Jackson,Alex Al,Alexandra Apjarova,https://www.imdb.com/title/tt1477715/,tt1477715
Miss Congeniality 2: Armed and Fabulous,5.1,Sandra Bullock,Regina King,William Shatner,https://www.imdb.com/title/tt0385307/,tt0385307
Inkheart,6.1,Brendan Fraser,Andy Serkis,Eliza Bennett,https://www.imdb.com/title/tt0494238/,tt0494238
In the Name of the King: A Dungeon Siege Tale,3.8,Jason Statham,Ron Perlman,Ray Liotta,https://www.imdb.com/title/tt0460780/,tt0460780
Xi You Ji zhi Sun Wu Kong San Da Bai Gu Jing,5.9,Aaron Kwok,Gong Li,Shaofeng Feng,https://www.imdb.com/title/tt4591310/,tt4591310
"Che, Part 1: The Argentine",7.2,Julia Ormond,Benicio Del Toro,Oscar Isaac,https://www.imdb.com/title/tt0892255/,tt0892255
Ghost Rider: Spirit of Vengeance,4.3,Nicolas Cage,Ciarán Hinds,Idris Elba,https://www.imdb.com/title/tt1071875/,tt1071875
R.V.,5.6,Robin Williams,Cheryl Hines,Kristin Chenoweth,https://www.imdb.com/title/tt0449089/,tt0449089
Kill Bill: Volume 1,8.2,Uma Thurman,David Carradine,Daryl Hannah,https://www.imdb.com/title/tt0266697/,tt0266697
Kill Bill: Volume 2,8.0,Uma Thurman,David Carradine,Michael Madsen,https://www.imdb.com/title/tt0378194/,tt0378194
Bullet to the Head,5.7,Sylvester Stallone,Jason Momoa,Christian Slater,https://www.imdb.com/title/tt1308729/,tt1308729
Blade 2,6.7,Wesley Snipes,Kris Kristofferson,Ron Perlman,https://www.imdb.com/title/tt0187738/,tt0187738
Barnyard: The Original Party Animals,5.6,Kevin James,Courteney Cox,Danny Glover,https://www.imdb.com/title/tt0414853/,tt0414853
Disney Planes,5.7,Carlos Alazraqui,Dane Cook,Stacy Keach,https://www.imdb.com/title/tt1691917/,tt1691917
Garfield: The Movie,5.0,Breckin Meyer,Jennifer Love Hewitt,Stephen Tobolowsky,https://www.imdb.com/title/tt0356634/,tt0356634
V for Vendetta,8.2,Hugo Weaving,Natalie Portman,Rupert Graves,https://www.imdb.com/title/tt0434409/,tt0434409
Planes: Fire and Rescue,6.0,Dane Cook,Ed Harris,Julie Bowen,https://www.imdb.com/title/tt2980706/,tt2980706
13 Hours: The Secret Soldiers of Benghazi,7.3,John Krasinski,Pablo Schreiber,James Badge Dale,https://www.imdb.com/title/tt4172430/,tt4172430
The Adventures of Sharkboy and Lavagirl in 3-D,3.7,Cayden Boyd,George Lopez,Kristin Davis,https://www.imdb.com/title/tt0424774/,tt0424774
Defiance,7.2,Daniel Craig,Liev Schreiber,Jamie Bell,https://www.imdb.com/title/tt1034303/,tt1034303
Snowden,7.3,Joseph Gordon-Levitt,Shailene Woodley,Melissa Leo,https://www.imdb.com/title/tt3774114/,tt3774114
Outlander,6.2,Jim Caviezel,Sophia Myles,Ron Perlman,https://www.imdb.com/title/tt0462465/,tt0462465
Taken 3,6.0,Liam Neeson,Forest Whitaker,Maggie Grace,https://www.imdb.com/title/tt2446042/,tt2446042
Kate and Leopold,6.4,Meg Ryan,Hugh Jackman,Liev Schreiber,https://www.imdb.com/title/tt0035423/,tt0035423
Happily N'Ever After,4.5,Sigourney Weaver,Sarah Michelle Gellar,Patrick Warburton,https://www.imdb.com/title/tt0308353/,tt0308353
Arthur and the War of Two Worlds,5.5,Mia Farrow,Ron Crawford,Robert Stanton,https://www.imdb.com/title/tt0940656/,tt0940656
"Yours, Mine and Ours",5.4,Dennis Quaid,Rene Russo,Jerry O'Connell,https://www.imdb.com/title/tt0443295/,tt0443295
Kicking and Screaming,5.6,Will Ferrell,Robert Duvall,Josh Hutcherson,https://www.imdb.com/title/tt0384642/,tt0384642
All Eyez on Me,5.8,Demetrius Shipp Jr.,Danai Gurira,Kat Graham,https://www.imdb.com/title/tt1666185/,tt1666185
The Producers: The Movie Musical,6.3,Nathan Lane,Matthew Broderick,Uma Thurman,https://www.imdb.com/title/tt0395251/,tt0395251
Bloodshot,5.7,Vin Diesel,Eiza González,Sam Heughan,https://www.imdb.com/title/tt1634106/,tt1634106
Danny the Dog,7.0,Jet Li,Bob Hoskins,Morgan Freeman,https://www.imdb.com/title/tt0342258/,tt0342258
Micmacs,7.1,Dany Boon,André Dussollier,Nicolas Marié,https://www.imdb.com/title/tt1149361/,tt1149361
Spy Kids 3-D: Game Over,4.3,Daryl Sabara,Alexa PenaVega,Antonio Banderas,https://www.imdb.com/title/tt0338459/,tt0338459
The Conjuring 2: The Enfield Poltergeist,7.3,Vera Farmiga,Patrick Wilson,Madison Wolfe,https://www.imdb.com/title/tt3065204/,tt3065204
Escape From Planet Earth,5.9,Brendan Fraser,Sarah Jessica Parker,Jessica Alba,https://www.imdb.com/title/tt0765446/,tt0765446
The Water Horse: Legend of the Deep,6.5,Emily Watson,David Morrissey,Alex Etel,https://www.imdb.com/title/tt0760329/,tt0760329
Extremely Loud and Incredibly Close,6.9,Thomas Horn,Tom Hanks,Sandra Bullock,https://www.imdb.com/title/tt0477302/,tt0477302
Impostor,6.2,Shane Brolly,Vincent D'Onofrio,Gary Sinise,https://www.imdb.com/title/tt0160399/,tt0160399
Alex Rider: Operation Stormbreaker,5.1,Alex Pettyfer,Mickey Rourke,Sophie Okonedo,https://www.imdb.com/title/tt0457495/,tt0457495
Un monstre à Paris,6.7,Matthieu Chedid,Vanessa Paradis,Gad Elmaleh,https://www.imdb.com/title/tt0961097/,tt0961097
Solomon Kane,6.1,James Purefoy,Max von Sydow,Rachel Hurd-Wood,https://www.imdb.com/title/tt0970452/,tt0970452
Dragon Nest Warriors' Dawn,6.3,Jiao Xu,Guanlin Ji,Ying Huang,https://www.imdb.com/title/tt2911342/,tt2911342
Spy Kids 2: The Island of Lost Dreams,5.2,Alexa PenaVega,Daryl Sabara,Antonio Banderas,https://www.imdb.com/title/tt0287717/,tt0287717
The Ninth Gate,6.7,Johnny Depp,Frank Langella,Lena Olin,https://www.imdb.com/title/tt0142688/,tt0142688
Virgin Territory,4.8,Hayden Christensen,Mischa Barton,Ryan Cartwright,https://www.imdb.com/title/tt0437954/,tt0437954
The Upside,7.0,Kevin Hart,Bryan Cranston,Nicole Kidman,https://www.imdb.com/title/tt1987680/,tt1987680
Tyler Perry’s Temptation,5.0,Jurnee Smollett,Vanessa Williams,Brandy Norwood,https://www.imdb.com/title/tt2070862/,tt2070862
Gnomeo and Juliet,5.9,James McAvoy,Emily Blunt,Maggie Smith,https://www.imdb.com/title/tt0377981/,tt0377981
Underworld 3: Rise of the Lycans,6.5,Rhona Mitra,Michael Sheen,Bill Nighy,https://www.imdb.com/title/tt0834001/,tt0834001
The Nativity Story,6.8,Keisha Castle-Hughes,Shohreh Aghdashloo,Oscar Isaac,https://www.imdb.com/title/tt0762121/,tt0762121
The Bad News Bears,5.8,Billy Bob Thornton,Greg Kinnear,Marcia Gay Harden,https://www.imdb.com/title/tt0408524/,tt0408524
Dungeons and Dragons,3.6,Justin Whalin,Jeremy Irons,Zoe McLellan,https://www.imdb.com/title/tt0190374/,tt0190374
Biutiful,7.4,Javier Bardem,Maricel Álvarez,Hanaa Bouchaib,https://www.imdb.com/title/tt1164999/,tt1164999
Gake no ue no Ponyo,7.6,Cate Blanchett,Matt Damon,Liam Neeson,https://www.imdb.com/title/tt0876563/,tt0876563
Thunder and the House of Magic,6.2,Cinda Adams,George Babbit,Brianne Brozey,https://www.imdb.com/title/tt3148834/,tt3148834
Goal! The Dream Begins,6.7,Kuno Becker,Alessandro Nivola,Anna Friel,https://www.imdb.com/title/tt0380389/,tt0380389
The Transporter 2,6.3,Jason Statham,Amber Valletta,Kate Nauta,https://www.imdb.com/title/tt0388482/,tt0388482
Birth of the Dragon,5.6,Billy Magnussen,Yu Xia,Philip Ng,https://www.imdb.com/title/tt2720826/,tt2720826
Pokemon 2000,6.0,Veronica Taylor,Rica Matsumoto,Ikue Ôtani,https://www.imdb.com/title/tt0210234/,tt0210234
The Cabin in the Woods,7.0,Kristen Connolly,Chris Hemsworth,Anna Hutchison,https://www.imdb.com/title/tt1259521/,tt1259521
Love and Other Drugs,6.7,Jake Gyllenhaal,Anne Hathaway,Judy Greer,https://www.imdb.com/title/tt0758752/,tt0758752
Splice,5.8,Adrien Brody,Sarah Polley,Delphine Chanéac,https://www.imdb.com/title/tt1017460/,tt1017460
88 Minutes,5.9,Al Pacino,Alicia Witt,Ben McKenzie,https://www.imdb.com/title/tt0411061/,tt0411061
The Lost City of Z,6.6,Charlie Hunnam,Robert Pattinson,Sienna Miller,https://www.imdb.com/title/tt1212428/,tt1212428
Barney's Version,7.3,Paul Giamatti,Rosamund Pike,Jake Hoffman,https://www.imdb.com/title/tt1423894/,tt1423894
The Current War: Director’s Cut,6.5,Benedict Cumberbatch,Oliver Powell,Sophia Ally,https://www.imdb.com/title/tt2140507/,tt2140507
Wu ji,5.6,Cecilia Cheung,Jang Dong-Gun,Hiroyuki Sanada,https://www.imdb.com/title/tt0417976/,tt0417976
Bilal: A New Breed of Hero,7.9,Adewale Akinnuoye-Agbaje,Ian McShane,China Anne McClain,https://www.imdb.com/title/tt3576728/,tt3576728
DOA: Dead or Alive,4.8,Jaime Pressly,Devon Aoki,Sarah Carter,https://www.imdb.com/title/tt0398913/,tt0398913
Le Petit Nicolas,7.1,Maxime Godart,Vincent Claude,Charles Vaillant,https://www.imdb.com/title/tt1264904/,tt1264904
Xinhai geming,5.7,Jackie Chan,Winston Chao,Bingbing Li,https://www.imdb.com/title/tt1772230/,tt1772230
Genghis Khan: To the Ends of the Earth and Sea,6.2,Takashi Sorimachi,Rei Kikukawa,Mayumi Wakamura,https://www.imdb.com/title/tt0770722/,tt0770722
Savva. Serdtse voyna,4.5,Maksim Chukharyov,Konstantin Khabenskiy,Fedor Bondarchuk,https://www.imdb.com/title/tt4075322/,tt4075322
Ripley's Game,6.6,John Malkovich,Dougray Scott,Lena Headey,https://www.imdb.com/title/tt0265651/,tt0265651
Winged Migration,7.9,Jacques Perrin,Philippe Labro,,https://www.imdb.com/title/tt0301727/,tt0301727
John Carpenter’s Ghosts of Mars,4.9,Natasha Henstridge,Ice Cube,Pam Grier,https://www.imdb.com/title/tt0228333/,tt0228333
Case 39,6.2,Renée Zellweger,Ian McShane,Jodelle Ferland,https://www.imdb.com/title/tt0795351/,tt0795351
Formula 51,6.3,Samuel L. Jackson,Robert Carlyle,Emily Mortimer,https://www.imdb.com/title/tt0227984/,tt0227984
Mindhunters,6.3,Val Kilmer,LL Cool J,Christian Slater,https://www.imdb.com/title/tt0297284/,tt0297284
Viy,5.2,Jason Flemyng,Andrey Smolyakov,Aleksey Chadov,https://www.imdb.com/title/tt1224378/,tt1224378
Tyler Perry's A Madea Christmas,4.9,Tyler Perry,Chad Michael Murray,Tika Sumpter,https://www.imdb.com/title/tt2609758/,tt2609758
The Grey,6.8,Liam Neeson,Dermot Mulroney,Frank Grillo,https://www.imdb.com/title/tt1601913/,tt1601913
Nanny McPhee,6.6,Emma Thompson,Colin Firth,Angela Lansbury,https://www.imdb.com/title/tt0396752/,tt0396752
Don't Be Afraid of the Dark,5.5,Katie Holmes,Guy Pearce,Bailee Madison,https://www.imdb.com/title/tt1270761/,tt1270761
Masterminds,5.8,Zach Galifianakis,Kristen Wiig,Owen Wilson,https://www.imdb.com/title/tt2461150/,tt2461150
Fly Me To the Moon,4.5,Trevor Gagnon,Philip Bolden,David Gore,https://www.imdb.com/title/tt0486321/,tt0486321
The Conspirator,6.9,Robin Wright,James McAvoy,Tom Wilkinson,https://www.imdb.com/title/tt0968264/,tt0968264
The Lords of Dogtown,7.1,Heath Ledger,Emile Hirsch,Victor Rasuk,https://www.imdb.com/title/tt0355702/,tt0355702
The Hoax,6.7,Richard Gere,Alfred Molina,David Aaron Baker,https://www.imdb.com/title/tt0462338/,tt0462338
BloodRayne,2.9,Kristanna Loken,Ben Kingsley,Michelle Rodriguez,https://www.imdb.com/title/tt0383222/,tt0383222
Me and Orson Welles,6.7,Zac Efron,Claire Danes,Christian McKay,https://www.imdb.com/title/tt1175506/,tt1175506
Les petits mouchoirs,7.1,François Cluzet,Marion Cotillard,Benoît Magimel,https://www.imdb.com/title/tt1440232/,tt1440232
Belka i Strelka. Zvezdnye sobaki,5.1,Anna Bolshova,Elena Yakovleva,Evgeniy Mironov,https://www.imdb.com/title/tt1272051/,tt1272051
La véritable histoire du Chat Botté,3.0,Jérôme Deschamps,Yolande Moreau,Arthur Deschamps,https://www.imdb.com/title/tt1239462/,tt1239462
Hauru no ugoku shiro,8.2,Chieko Baishô,Takuya Kimura,Tatsuya Gashûin,https://www.imdb.com/title/tt0347149/,tt0347149
The Bridge of San Luis Rey,5.0,Gabriel Byrne,Robert De Niro,Harvey Keitel,https://www.imdb.com/title/tt0356443/,tt0356443
Kari gurashi no Arietti,7.6,Amy Poehler,Will Arnett,Mirai Shida,https://www.imdb.com/title/tt1568921/,tt1568921
Haywire,5.8,Gina Carano,Ewan McGregor,Michael Fassbender,https://www.imdb.com/title/tt1506999/,tt1506999
Eddie the Eagle,7.4,Taron Egerton,Hugh Jackman,Tom Costello,https://www.imdb.com/title/tt1083452/,tt1083452
Rogue,6.2,Michael Vartan,Radha Mitchell,Sam Worthington,https://www.imdb.com/title/tt0479528/,tt0479528
Ch?i dàn zhu?nji?,6.7,Donnie Yen,Andy Lau,Philip Keung,https://www.imdb.com/title/tt6015328/,tt6015328
Shi Yue Wei Cheng,8.4,Junli Guo,Tin-Nam Chun,Joyce Chan,https://www.imdb.com/title/tt1403130/,tt4559518
The Libertine,6.3,Johnny Depp,Samantha Morton,John Malkovich,https://www.imdb.com/title/tt0375920/,tt0375920
Zwartboek,7.7,Carice van Houten,Sebastian Koch,Thom Hoffman,https://www.imdb.com/title/tt0389557/,tt0389557
Joyeux Noël,7.7,Diane Kruger,Benno Fürmann,Guillaume Canet,https://www.imdb.com/title/tt0424205/,tt0424205
Victoria and Abdul,6.8,Judi Dench,Ali Fazal,Tim Pigott-Smith,https://www.imdb.com/title/tt5816682/,tt5816682
Robot Overlords,4.6,Ben Kingsley,Gillian Anderson,Callan McAuliffe,https://www.imdb.com/title/tt2145829/,tt2145829
Jackass 3D,7.0,Johnny Knoxville,Steve-O,Bam Margera,https://www.imdb.com/title/tt1116184/,tt1116184
Tyler Perry’s Boo! A Madea Halloween,4.6,Tyler Perry,Cassi Davis,Patrice Lovely,https://www.imdb.com/title/tt5325452/,tt5325452
Tyler Perry's Madea's Witness Protection,4.9,Tyler Perry,Eugene Levy,Denise Richards,https://www.imdb.com/title/tt2215285/,tt2215285
Selma,7.5,David Oyelowo,Carmen Ejogo,Oprah Winfrey,https://www.imdb.com/title/tt1020072/,tt1020072
Peter Pan: Return to Neverland,5.8,Blayne Weaver,Harriet Owen,Corey Burton,https://www.imdb.com/title/tt0280030/,tt0280030
The Debt,6.8,Helen Mirren,Sam Worthington,Tom Wilkinson,https://www.imdb.com/title/tt1226753/,tt1226753
Silent Hill: Revelation 3D,4.9,Adelaide Clemens,Kit Harington,Sean Bean,https://www.imdb.com/title/tt0938330/,tt0938330
Capitalism: A Love Story,7.4,Michael Moore,William Black,Jimmy Carter,https://www.imdb.com/title/tt1232207/,tt1232207
Crank 2: High Voltage,6.2,Jason Statham,Amy Smart,Clifton Collins Jr.,https://www.imdb.com/title/tt1121931/,tt1121931
Ratchet and Clank,5.5,James Arnold Taylor,David Kaye,Jim Ward,https://www.imdb.com/title/tt2865120/,tt2865120
The Brothers Bloom,6.7,Rachel Weisz,Adrien Brody,Mark Ruffalo,https://www.imdb.com/title/tt0844286/,tt0844286
LBJ,6.5,Woody Harrelson,Michael Stahl-David,Richard Jenkins,https://www.imdb.com/title/tt4778988/,tt4778988
Bon Voyage,6.7,Isabelle Adjani,Gérard Depardieu,Virginie Ledoyen,https://www.imdb.com/title/tt0310778/,tt0310778
The Proposition,7.3,Ray Winstone,Guy Pearce,Emily Watson,https://www.imdb.com/title/tt0421238/,tt0421238
Dylan Dog: Dead of Night,5.1,Brandon Routh,Anita Briem,Sam Huntington,https://www.imdb.com/title/tt1013860/,tt1013860
Jìyì dàsh?,6.4,Bo Huang,Yihong Duan,Jinglei Xu,https://www.imdb.com/title/tt5636668/,tt5636668
The Burning Plain,6.8,Charlize Theron,John Corbett,José María Yazpik,https://www.imdb.com/title/tt1068641/,tt1068641
People I Know,5.5,Al Pacino,Téa Leoni,Ryan O'Neal,https://www.imdb.com/title/tt0274711/,tt0274711
Three Kingdoms: Resurrection of the Dragon,6.1,Andy Lau,Sammo Kam-Bo Hung,Maggie Q,https://www.imdb.com/title/tt0882978/,tt0882978
The Touch,4.6,Michelle Yeoh,Ben Chaplin,Richard Roxburgh,https://www.imdb.com/title/tt0293660/,tt0293660
Der Baader Meinhof Komplex,7.3,Martina Gedeck,Moritz Bleibtreu,Johanna Wokalek,https://www.imdb.com/title/tt0765432/,tt0765432
Thirteen Ghosts,5.6,Tony Shalhoub,Shannon Elizabeth,Embeth Davidtz,https://www.imdb.com/title/tt0245674/,tt0245674
George Balanchine\'s The Nutcracker,5.8,Darci Kistler,Damian Woetzel,Kyra Nichols,https://www.imdb.com/title/tt0107719/,tt0107719
George A. Romero's Land of the Dead,6.2,John Leguizamo,Asia Argento,Simon Baker,https://www.imdb.com/title/tt0418819/,tt0418819
Ne le dis à personne,7.5,François Cluzet,Marie-Josée Croze,André Dussollier,https://www.imdb.com/title/tt0362225/,tt0362225
Left Behind,4.4,Kirk Cameron,Brad Johnson,Janaya Stephens,https://www.imdb.com/title/tt0190524/,tt0190524
Norm of the North,3.5,Rob Schneider,Heather Graham,Ken Jeong,https://www.imdb.com/title/tt1594972/,tt1594972
Youth in Revolt,6.5,Michael Cera,Portia Doubleday,Jean Smart,https://www.imdb.com/title/tt0403702/,tt0403702
Labor Day,6.9,Kate Winslet,Josh Brolin,Gattlin Griffith,https://www.imdb.com/title/tt1967545/,tt1967545
The Last Station,7.0,Helen Mirren,James McAvoy,Christopher Plummer,https://www.imdb.com/title/tt0824758/,tt0824758
Mongol,7.2,Tadanobu Asano,Amadu Mamadakov,Khulan Chuluun,https://www.imdb.com/title/tt0416044/,tt0416044
Mao's Last Dancer,7.3,Chi Cao,Bruce Greenwood,Kyle MacLachlan,https://www.imdb.com/title/tt1071812/,tt1071812
The Railway Man,7.1,Colin Firth,Nicole Kidman,Stellan Skarsgård,https://www.imdb.com/title/tt2058107/,tt2058107
Carlos,7.8,Edgar Ramírez,Fadi Abi Samra,Ahmad Kaabour,https://www.imdb.com/title/tt1672282/,tt1672282
My Spy,6.3,Dave Bautista,Chloe Coleman,Parisa Fitz-Henley,https://www.imdb.com/title/tt8242084/,tt8242084
Hotel Mumbai,7.6,Dev Patel,Armie Hammer,Nazanin Boniadi,https://www.imdb.com/title/tt5461944/,tt5461944
Jet Li's Hero,7.9,Jet Li,Tony Chiu-Wai Leung,Maggie Cheung,https://www.imdb.com/title/tt0299977/,tt0299977
Smokin' Aces,6.6,Jeremy Piven,Ryan Reynolds,Ray Liotta,https://www.imdb.com/title/tt0475394/,tt0475394
Brooklyn's Finest,6.7,Richard Gere,Don Cheadle,Ethan Hawke,https://www.imdb.com/title/tt1210042/,tt1210042
How She Move,3.5,Rutina Wesley,Tre Armstrong,Brennan Gademans,https://www.imdb.com/title/tt0770810/,tt0770810
Escobar: Paradise Lost,6.5,Benicio Del Toro,Josh Hutcherson,Claudia Traisac,https://www.imdb.com/title/tt2515030/,tt2515030
"Mune, le gardien de la lune",7.1,Omar Sy,Izïa Higelin,Michaël Grégorio,https://www.imdb.com/title/tt3858372/,tt3858372
Chasseurs de dragons,6.6,Vincent Lindon,Patrick Timsit,Philippe Nahon,https://www.imdb.com/title/tt0944834/,tt0944834
"Men, Women and Children",6.6,Kaitlyn Dever,Rosemarie DeWitt,Ansel Elgort,https://www.imdb.com/title/tt3179568/,tt3179568
Teen Spirit,6.1,Elle Fanning,Agnieszka Grochowska,Archie Madekwe,https://www.imdb.com/title/tt6483364/,tt6483364
Enter the Void,7.2,Nathaniel Brown,Paz de la Huerta,Cyril Roy,https://www.imdb.com/title/tt1191111/,tt1191111
Haeundae,5.6,Ha Ji-Won,Kim Yoo-jeong,Park Myeong-hoon,https://www.imdb.com/title/tt1153040/,tt1153040
Hachiko: A Dog’s Story,8.1,Richard Gere,Joan Allen,Cary-Hiroyuki Tagawa,https://www.imdb.com/title/tt1028532/,tt1028532
The Old Man and the Gun,6.7,Robert Redford,Casey Affleck,Sissy Spacek,https://www.imdb.com/title/tt2837574/,tt2837574
Slow Burn,5.7,Ray Liotta,Jolene Blalock,LL Cool J,https://www.imdb.com/title/tt0376196/,tt0376196
Madison,6.3,Jim Caviezel,Mary McCormack,Jake Lloyd,https://www.imdb.com/title/tt0206113/,tt0206113
Wasabi,6.6,Jean Reno,Ryôko Hirosue,Michel Muller,https://www.imdb.com/title/tt0281364/,tt0281364
Jackass Presents: Bad Grandpa,6.5,Johnny Knoxville,Jackson Nicoll,Gregorio,https://www.imdb.com/title/tt3063516/,tt3063516
Halloween 2,4.8,Scout Taylor-Compton,Tyler Mane,Malcolm McDowell,https://www.imdb.com/title/tt1311067/,tt1311067
The Place Beyond the Pines,7.3,Ryan Gosling,Bradley Cooper,Eva Mendes,https://www.imdb.com/title/tt1817273/,tt1817273
The Hurt Locker,7.6,Jeremy Renner,Anthony Mackie,Brian Geraghty,https://www.imdb.com/title/tt0887912/,tt0887912
Eye of the Beholder,5.0,Ewan McGregor,Ashley Judd,Patrick Bergin,https://www.imdb.com/title/tt0120662/,tt0120662
U2 3D,8.4,Bono,Adam Clayton,The Edge,https://www.imdb.com/title/tt0892375/,tt0892375
Knockaround Guys,6.1,Jennifer Baxter,Dennis Hopper,Vin Diesel,https://www.imdb.com/title/tt0211465/,tt0211465
Black Snake Moan,6.9,Christina Ricci,Samuel L. Jackson,Justin Timberlake,https://www.imdb.com/title/tt0462200/,tt0462200
Dark Blue,6.6,Kurt Russell,Ving Rhames,Scott Speedman,https://www.imdb.com/title/tt0279331/,tt0279331
Boat Trip,4.9,Cuba Gooding Jr.,Horatio Sanz,Roselyn Sanchez,https://www.imdb.com/title/tt0285462/,tt0285462
Los tres entierros de Melquiades Estrada,7.4,Tommy Lee Jones,Barry Pepper,Dwight Yoakam,https://www.imdb.com/title/tt0419294/,tt0419294
The Company Men,6.7,Ben Affleck,Chris Cooper,Tommy Lee Jones,https://www.imdb.com/title/tt1172991/,tt1172991
Funny Games,6.5,Naomi Watts,Tim Roth,Michael Pitt,https://www.imdb.com/title/tt0808279/,tt0808279
Banlieue 13,7.1,Cyril Raffaelli,David Belle,Tony D'Amario,https://www.imdb.com/title/tt0414852/,tt0414852
Cìkè Niè Yinniáng,6.3,Shu Qi,Chang Chen,Yun Zhou,https://www.imdb.com/title/tt3508840/,tt3508840
The Reluctant Fundamentalist,6.8,Riz Ahmed,Liev Schreiber,Kiefer Sutherland,https://www.imdb.com/title/tt2032557/,tt2032557
Buffalo Soldiers,6.8,Joaquin Phoenix,Anna Paquin,Ed Harris,https://www.imdb.com/title/tt0252299/,tt0252299
Ong-Bak 2,6.2,Tony Jaa,Sarunyu Wongkrachang,Sorapong Chatree,https://www.imdb.com/title/tt0785035/,tt0785035
A Few Best Men,5.7,Laura Brent,Xavier Samuel,Kris Marshall,https://www.imdb.com/title/tt1640711/,tt1640711
San suk si gin,6.9,Jackie Chan,Naoto Takenaka,Daniel Wu,https://www.imdb.com/title/tt1075419/,tt1075419
Elle s'appelait Sarah,7.5,Kristin Scott Thomas,Mélusine Mayance,Niels Arestrup,https://www.imdb.com/title/tt1668200/,tt1668200
Manderlay,7.3,Bryce Dallas Howard,Isaach De Bankolé,Danny Glover,https://www.imdb.com/title/tt0342735/,tt0342735
Tyler Perry's Good Deeds,5.6,Tyler Perry,Gabrielle Union,Thandiwe Newton,https://www.imdb.com/title/tt1885265/,tt1885265
The Iron Lady,6.4,Meryl Streep,Jim Broadbent,Richard E. Grant,https://www.imdb.com/title/tt1007029/,tt1007029
An American Haunting,5.0,Donald Sutherland,Sissy Spacek,Rachel Hurd-Wood,https://www.imdb.com/title/tt0429573/,tt0429573
Jason X,4.4,Kane Hodder,Lexa Doig,Jeff Geddis,https://www.imdb.com/title/tt0211443/,tt0211443
Suffragette,6.9,Carey Mulligan,Anne-Marie Duff,Helena Bonham Carter,https://www.imdb.com/title/tt3077214/,tt3077214
Easy Virtue,6.6,Jessica Biel,Ben Barnes,Kristin Scott Thomas,https://www.imdb.com/title/tt0808244/,tt0808244
Les herbes folles,6.2,André Dussollier,Sabine Azéma,Anne Consigny,https://www.imdb.com/title/tt1156143/,tt1156143
Reign of Assassins,6.8,Michelle Yeoh,Jung Woo-sung,Xueqi Wang,https://www.imdb.com/title/tt1460743/,tt1460743
Der Untergang,8.2,Bruno Ganz,Alexandra Maria Lara,Ulrich Matthes,https://www.imdb.com/title/tt0363163/,tt0363163
Under the Skin,6.3,Scarlett Johansson,Jeremy McWilliams,Lynsey Taylor Mackay,https://www.imdb.com/title/tt1441395/,tt1441395
Justin Bieber: Never Say Never,1.7,Justin Bieber,Boyz II Men,Miley Cyrus,https://www.imdb.com/title/tt1702443/,tt1702443
21 and Over,5.8,Miles Teller,Justin Chon,Jonathan Keltz,https://www.imdb.com/title/tt1711425/,tt1711425
Eye in the Sky,7.3,Helen Mirren,Aaron Paul,Alan Rickman,https://www.imdb.com/title/tt2057392/,tt2057392
The Astronaut Farmer,6.3,Billy Bob Thornton,Virginia Madsen,Bruce Dern,https://www.imdb.com/title/tt0469263/,tt0469263
Birthday Girl,6.1,Nicole Kidman,Vincent Cassel,Ben Chaplin,https://www.imdb.com/title/tt0188453/,tt0188453
"Paris, je t'aime",7.2,Juliette Binoche,Leonor Watling,Ludivine Sagnier,https://www.imdb.com/title/tt0401711/,tt0401711
The Widow of St. Pierre,7.2,Juliette Binoche,Daniel Auteuil,Emir Kusturica,https://www.imdb.com/title/tt0191636/,tt0191636
Un Prophète,7.8,Tahar Rahim,Niels Arestrup,Adel Bencherif,https://www.imdb.com/title/tt1235166/,tt1235166
"I Love You, Phillip Morris",6.6,Jim Carrey,Ewan McGregor,Leslie Mann,https://www.imdb.com/title/tt1045772/,tt1045772
Solitary Man,6.3,Michael Douglas,Susan Sarandon,Jesse Eisenberg,https://www.imdb.com/title/tt1294213/,tt1294213
Tae Guik Gi: The Brotherhood of War,8.0,Jang Dong-Gun,Won Bin,Eun-ju Lee,https://www.imdb.com/title/tt0386064/,tt0386064
The Perfect Game,6.9,Clifton Collins Jr.,Cheech Marin,Moises Arias,https://www.imdb.com/title/tt0473102/,tt0473102
A Little Bit of Heaven,6.3,Kate Hudson,Gael García Bernal,Kathy Bates,https://www.imdb.com/title/tt1440161/,tt1440161
Katy Perry: Part of Me,5.9,Katy Perry,Adam Marcello,Casey Hooper,https://www.imdb.com/title/tt2215719/,tt2215719
Charlie Bartlett,7.0,Anton Yelchin,Robert Downey Jr.,Hope Davis,https://www.imdb.com/title/tt0423977/,tt0423977
Two Lovers,7.0,Joaquin Phoenix,Gwyneth Paltrow,Vinessa Shaw,https://www.imdb.com/title/tt1103275/,tt1103275
Last Orders,6.9,Michael Caine,Bob Hoskins,Tom Courtenay,https://www.imdb.com/title/tt0253200/,tt0253200
Gwoemul,7.1,Kang-ho Song,Byun Hee-Bong,Park Hae-il,https://www.imdb.com/title/tt0468492/,tt0468492
Married Life,6.2,Chris Cooper,Patricia Clarkson,Rachel McAdams,https://www.imdb.com/title/tt0804505/,tt0804505
Ondine,6.8,Colin Farrell,Alicja Bachleda,Dervla Kirwan,https://www.imdb.com/title/tt1235796/,tt1235796
Kahlil Gibran's The Prophet,7.0,Liam Neeson,Salma Hayek,Quvenzhané Wallis,https://www.imdb.com/title/tt1640718/,tt1640718
Life Before Her Eyes,6.3,Uma Thurman,Evan Rachel Wood,Eva Amurri,https://www.imdb.com/title/tt0815178/,tt0815178
Company Man,5.2,Douglas McGrath,Sigourney Weaver,Paul Guilfoyle,https://www.imdb.com/title/tt0177650/,tt0177650
Woman Walks Ahead,6.6,Jessica Chastain,Louisa Krause,Boots Southerland,https://www.imdb.com/title/tt5436228/,tt5436228
1612,5.6,Pyotr Kislov,Michal Zebrowski,Artur Smolyaninov,https://www.imdb.com/title/tt1139085/,tt1139085
Tu Xia Chuan Qi,3.2,Jon Heder,Tom Arnold,Rebecca Black,https://www.imdb.com/title/tt1876517/,tt1876517
Triangle,6.9,Melissa George,Joshua McIvor,Jack Taylor,https://www.imdb.com/title/tt1187064/,tt1187064
Jackass: Number Two,7.0,Johnny Knoxville,Steve-O,Chris Pontius,https://www.imdb.com/title/tt0493430/,tt0493430
Phone Booth,7.1,Colin Farrell,Kiefer Sutherland,Forest Whitaker,https://www.imdb.com/title/tt0183649/,tt0183649
Frailty,7.2,Bill Paxton,Matthew McConaughey,Powers Boothe,https://www.imdb.com/title/tt0264616/,tt0264616
The Guru,5.4,Jimi Mistry,Heather Graham,Marisa Tomei,https://www.imdb.com/title/tt0280720/,tt0280720
Romance and Cigarettes,6.2,James Gandolfini,Susan Sarandon,Kate Winslet,https://www.imdb.com/title/tt0368222/,tt0368222
Les Intouchables,8.5,François Cluzet,Omar Sy,Anne Le Ny,https://www.imdb.com/title/tt1675434/,tt1675434
Jindabyne,6.3,Laura Linney,Gabriel Byrne,John Howard,https://www.imdb.com/title/tt0382765/,tt0382765
PMC: deo beong-keo,5.4,Ha Jung-woo,Sun-kyun Lee,Jennifer Ehle,https://www.imdb.com/title/tt7156436/,tt7156436
Precious (Based on the Novel Push by Sapphire),7.3,Gabourey Sidibe,Mo'Nique,Paula Patton,https://www.imdb.com/title/tt0929632/,tt0929632
The Best Exotic Marigold Hotel,7.2,Judi Dench,Bill Nighy,Maggie Smith,https://www.imdb.com/title/tt1412386/,tt1412386
Kevin Hart: What Now?,5.9,Kevin Hart,Don Cheadle,Halle Berry,https://www.imdb.com/title/tt4669186/,tt4669186
The Grudge,4.3,Tara Westwood,Junko Bailey,David Lawrence Brown,https://www.imdb.com/title/tt3612126/,tt3612126
End of the Spear,6.8,Louie Leonardo,Chad Allen,Jack Guzman,https://www.imdb.com/title/tt0399862/,tt0399862
The Legend of Drunken Master,7.6,Jackie Chan,Ho-Sung Pak,Lung Ti,https://www.imdb.com/title/tt0111512/,tt0111512
Movie 43,4.3,Emma Stone,Stephen Merchant,Richard Gere,https://www.imdb.com/title/tt1333125/,tt1333125
Dirty Pretty Things,7.3,Chiwetel Ejiofor,Audrey Tautou,Sophie Okonedo,https://www.imdb.com/title/tt0301199/,tt0301199
Bad Words,6.6,Jason Bateman,Kathryn Hahn,Allison Janney,https://www.imdb.com/title/tt2170299/,tt2170299
While We're Young,6.3,Ben Stiller,Naomi Watts,Adam Driver,https://www.imdb.com/title/tt1791682/,tt1791682
A.X.L.,5.3,Alex Neustaedter,Becky G,Alex MacNicoll,https://www.imdb.com/title/tt5709188/,tt5709188
Teacher's Pet: The Movie,5.8,Nathan Lane,Shaun Fleming,David Ogden Stiers,https://www.imdb.com/title/tt0350194/,tt0350194
"Run, Fatboy, Run",6.6,Simon Pegg,Thandiwe Newton,Hank Azaria,https://www.imdb.com/title/tt0425413/,tt0425413
Rescue Dawn,7.3,Christian Bale,Steve Zahn,Jeremy Davies,https://www.imdb.com/title/tt0462504/,tt0462504
Black and White,4.9,Ben Stiller,Allan Houston,Claudia Schiffer,https://www.imdb.com/title/tt0165643/,tt0165643
Io sono l’amore,7.0,Tilda Swinton,Flavio Parenti,Edoardo Gabbriellini,https://www.imdb.com/title/tt1226236/,tt1226236
Brian Banks,7.2,Aldis Hodge,Greg Kinnear,Sherri Shepherd,https://www.imdb.com/title/tt3920820/,tt3920820
"Jeff, Who Lives at Home",6.5,Jason Segel,Ed Helms,Judy Greer,https://www.imdb.com/title/tt1588334/,tt1588334
The Man Who Knew Infinity,7.2,Dev Patel,Jeremy Irons,Malcolm Sinclair,https://www.imdb.com/title/tt0787524/,tt0787524
Atlas Shrugged: Part II,5.4,Samantha Mathis,Jason Beghe,Esai Morales,https://www.imdb.com/title/tt1985017/,tt1985017
Hillsong: Let Hope Rise,6.4,Michael Guy Chislett,Matt Crocker,Adam Crosariol,https://www.imdb.com/title/tt3850544/,tt3850544
The Iceman,6.8,Michael Shannon,Chris Evans,James Franco,https://www.imdb.com/title/tt1491044/,tt1491044
Testament of Youth,7.3,Alicia Vikander,Kit Harington,Taron Egerton,https://www.imdb.com/title/tt1441953/,tt1441953
Free Fire,6.3,Sharlto Copley,Brie Larson,Armie Hammer,https://www.imdb.com/title/tt4158096/,tt4158096
Spider,6.8,Ralph Fiennes,Miranda Richardson,Gabriel Byrne,https://www.imdb.com/title/tt0278731/,tt0278731
The Joneses,6.5,Demi Moore,David Duchovny,Amber Heard,https://www.imdb.com/title/tt1285309/,tt1285309
Killer Joe,6.7,Matthew McConaughey,Emile Hirsch,Juno Temple,https://www.imdb.com/title/tt1726669/,tt1726669
My Blueberry Nights,6.6,Norah Jones,Jude Law,Natalie Portman,https://www.imdb.com/title/tt0765120/,tt0765120
Coriolanus,6.1,Ralph Fiennes,Gerard Butler,Brian Cox,https://www.imdb.com/title/tt1372686/,tt1372686
Shaolin Soccer,7.3,Stephen Chow,Wei Zhao,Yat-Fei Wong,https://www.imdb.com/title/tt0286112/,tt0286112
The Brown Bunny,4.9,Vincent Gallo,Chloë Sevigny,Cheryl Tiegs,https://www.imdb.com/title/tt0330099/,tt0330099
Free Style,4.1,Corbin Bleu,Sandra Echeverría,Madison Pettis,https://www.imdb.com/title/tt1128071/,tt1128071
Joheunnom nabbeunnom isanghannom,7.2,Kang-ho Song,Lee Byung-hun,Jung Woo-sung,https://www.imdb.com/title/tt0901487/,tt0901487
The Oxford Murders,6.1,Elijah Wood,John Hurt,Leonor Watling,https://www.imdb.com/title/tt0488604/,tt0488604
White Noise 2: The Light,5.7,Nathan Fillion,Katee Sackhoff,Craig Fairbrass,https://www.imdb.com/title/tt0496436/,tt0496436
American Heist,5.0,Hayden Christensen,Earl Minor,Adrien Brody,https://www.imdb.com/title/tt2923316/,tt2923316
Fifty Dead Men Walking,6.8,Ben Kingsley,Jim Sturgess,Kevin Zegers,https://www.imdb.com/title/tt1097643/,tt1097643
The Lost City,6.5,Andy Garcia,Inés Sastre,Bill Murray,https://www.imdb.com/title/tt0343996/,tt0343996
Mine Vaganti,7.2,Riccardo Scamarcio,Nicole Grimaudo,Alessandro Preziosi,https://www.imdb.com/title/tt1405810/,tt1405810
Sicko,8.0,Michael Moore,Tucker Albrizzi,Tony Benn,https://www.imdb.com/title/tt0386032/,tt0386032
Black or White,6.6,Kevin Costner,Octavia Spencer,Gillian Jacobs,https://www.imdb.com/title/tt2883434/,tt2883434
Glee: The 3D Concert Movie,5.5,Cory Monteith,Dianna Agron,Lea Michele,https://www.imdb.com/title/tt1922612/,tt1922612
The Ultimate Gift,7.3,Drew Fuller,James Garner,Abigail Breslin,https://www.imdb.com/title/tt0482629/,tt0482629
Trust the Man,5.7,David Duchovny,Julianne Moore,Billy Crudup,https://www.imdb.com/title/tt0427968/,tt0427968
Princess Kaiulani,6.1,Q'orianka Kilcher,Barry Pepper,Shaun Evans,https://www.imdb.com/title/tt1185344/,tt1185344
Flammen og Citronen,7.2,Thure Lindhardt,Mads Mikkelsen,Stine Stengade,https://www.imdb.com/title/tt0920458/,tt0920458
Beneath Hill 60,7.1,Brendan Cowell,Harrison Gilbertson,Steve Le Marquand,https://www.imdb.com/title/tt1418646/,tt1418646
Polisse,7.3,Karin Viard,JoeyStarr,Marina Foïs,https://www.imdb.com/title/tt1661420/,tt1661420
Dofus - Livre 1: Julith,7.6,Sauvane Delanoë,Laetitia Lefebvre,Elisabeth Ventura,https://www.imdb.com/title/tt4731504/,tt4731504
The Namesake,7.5,Kal Penn,Irrfan Khan,Tabu,https://www.imdb.com/title/tt0433416/,tt0433416
Silmido,7.0,Sung-Ki Ahn,Sol Kyung-gu,Joon-ho Huh,https://www.imdb.com/title/tt0387596/,tt0387596
A.C.O.R.N.S.: Operation Crackdown,3.7,Jason Jones,Will Forte,John Leguizamo,https://www.imdb.com/title/tt2097333/,tt2097333
The City of Your Final Destination,6.3,Omar Metwally,Anthony Hopkins,Charlotte Gainsbourg,https://www.imdb.com/title/tt0896923/,tt0896923
28 Days Later…,7.5,Cillian Murphy,Naomie Harris,Christopher Eccleston,https://www.imdb.com/title/tt0289043/,tt0289043
Begin Again,7.4,Keira Knightley,Mark Ruffalo,Adam Levine,https://www.imdb.com/title/tt1980929/,tt1980929
The Boondock Saints 2: All Saints Day,6.2,Sean Patrick Flanery,Norman Reedus,Billy Connolly,https://www.imdb.com/title/tt1300851/,tt1300851
Held Up,5.1,Jamie Foxx,Nia Long,Barry Corbin,https://www.imdb.com/title/tt0165831/,tt0165831
Anomalisa,7.2,David Thewlis,Jennifer Jason Leigh,Tom Noonan,https://www.imdb.com/title/tt2401878/,tt2401878
Lean on Pete,7.2,Charlie Plummer,Amy Seimetz,Travis Fimmel,https://www.imdb.com/title/tt5340300/,tt5340300
And When Did You Last See Your Father?,6.8,Jim Broadbent,Colin Firth,Juliet Stevenson,https://www.imdb.com/title/tt0829098/,tt0829098
El Chicano,5.4,Logan Arevalo,Julian Bray,Adolfo Alvarez,https://www.imdb.com/title/tt7374952/,tt7374952
The Secret of Kells,7.6,Evan McGuire,Brendan Gleeson,Mick Lally,https://www.imdb.com/title/tt0485601/,tt0485601
Down in the Valley,6.4,Edward Norton,Evan Rachel Wood,David Morse,https://www.imdb.com/title/tt0398027/,tt0398027
Wuthering Heights,6.0,Kaya Scodelario,James Howson,Solomon Glave,https://www.imdb.com/title/tt1181614/,tt1181614
Aloft,5.3,Jennifer Connelly,Cillian Murphy,Mélanie Laurent,https://www.imdb.com/title/tt2494384/,tt2494384
Fireflies in the Garden,6.4,Ryan Reynolds,Willem Dafoe,Emily Watson,https://www.imdb.com/title/tt0961108/,tt0961108
Feichang Xingyun,5.2,Ziyi Zhang,Leehom Wang,Terri Kwan,https://www.imdb.com/title/tt2102502/,tt2102502
Imagine Me & You,6.7,Piper Perabo,Lena Headey,Matthew Goode,https://www.imdb.com/title/tt0421994/,tt0421994
Loin des hommes,7.2,Viggo Mortensen,Reda Kateb,Djemel Barek,https://www.imdb.com/title/tt2936180/,tt2936180
Thank You For Smoking,7.6,Aaron Eckhart,Cameron Bright,Maria Bello,https://www.imdb.com/title/tt0427944/,tt0427944
Code 46,6.1,Tim Robbins,Samantha Morton,Om Puri,https://www.imdb.com/title/tt0345061/,tt0345061
Harry Brown,7.2,Michael Caine,Emily Mortimer,David Bradley,https://www.imdb.com/title/tt1289406/,tt1289406
Die Welle,7.6,Jürgen Vogel,Frederick Lau,Max Riemelt,https://www.imdb.com/title/tt1063669/,tt1063669
The Descent,7.2,Shauna Macdonald,Natalie Mendoza,Alex Reid,https://www.imdb.com/title/tt0435625/,tt0435625
Michael Jordan to the MAX,7.4,Michael Jordan,Phil Jackson,Doug Collins,https://www.imdb.com/title/tt0245280/,tt0245280
"House of 1,000 Corpses",6.0,Sid Haig,Karen Black,Bill Moseley,https://www.imdb.com/title/tt0251736/,tt0251736
Get Low,7.0,Robert Duvall,Bill Murray,Sissy Spacek,https://www.imdb.com/title/tt1194263/,tt1194263
The Mighty Macs,6.5,Carla Gugino,Marley Shelton,Ellen Burstyn,https://www.imdb.com/title/tt1034324/,tt1034324
We Need to Talk About Kevin,7.5,Tilda Swinton,John C. Reilly,Ezra Miller,https://www.imdb.com/title/tt1242460/,tt1242460
Factory Girl,6.4,Sienna Miller,Guy Pearce,Hayden Christensen,https://www.imdb.com/title/tt0432402/,tt0432402
Mother and Child,7.2,Naomi Watts,Annette Bening,Kerry Washington,https://www.imdb.com/title/tt1121977/,tt1121977
Gerry,6.0,Casey Affleck,Matt Damon,,https://www.imdb.com/title/tt0302674/,tt0302674
The Heart of Me,6.6,Helena Bonham Carter,Olivia Williams,Paul Bettany,https://www.imdb.com/title/tt0301390/,tt0301390
Twixt,4.7,Val Kilmer,Bruce Dern,Elle Fanning,https://www.imdb.com/title/tt1756851/,tt1756851
Aimée & Jaguar,7.2,Maria Schrader,Juliane Köhler,Johanna Wokalek,https://www.imdb.com/title/tt0130444/,tt0130444
Bran Nue Dae,6.2,Rocky McKenzie,Jessica Mauboy,Ernie Dingo,https://www.imdb.com/title/tt1148165/,tt1148165
Tropa de Elite,8.0,Wagner Moura,André Ramiro,Caio Junqueira,https://www.imdb.com/title/tt0861739/,tt0861739
Hannah Montana and Miley Cyrus: Best of Both Wo…,2.6,Miley Cyrus,The Jonas Brothers,Kenny Ortega,https://www.imdb.com/title/tt1127884/,tt1127884
Nowhere in Africa,7.5,Juliane Köhler,Merab Ninidze,Matthias Habich,https://www.imdb.com/title/tt0161860/,tt0161860
Layer Cake,7.3,Daniel Craig,Sienna Miller,Michael Gambon,https://www.imdb.com/title/tt0375912/,tt0375912
Die Fälscher,7.5,Karl Markovics,August Diehl,Devid Striesow,https://www.imdb.com/title/tt0813547/,tt0813547
Gomorra,7.0,Gianfelice Imparato,Salvatore Abbruzzese,Toni Servillo,https://www.imdb.com/title/tt0929425/,tt0929425
Fahrenheit 9/11,7.5,Michael Moore,George W. Bush,Ben Affleck,https://www.imdb.com/title/tt0361596/,tt0361596
Bernie,6.8,Jack Black,Shirley MacLaine,Matthew McConaughey,https://www.imdb.com/title/tt1704573/,tt1704573
Dolphins and Whales Tribes of the Ocean 3D,6.1,Daryl Hannah,Charlotte Rampling,,https://www.imdb.com/title/tt0996382/,tt0996382
City Island,7.4,Andy Garcia,Julianna Margulies,Steven Strait,https://www.imdb.com/title/tt1174730/,tt1174730
The Virgin Suicides,7.2,Kirsten Dunst,Josh Hartnett,James Woods,https://www.imdb.com/title/tt0159097/,tt0159097
Jûsan-nin no shikaku,7.5,Kôji Yakusho,Takayuki Yamada,Yûsuke Iseya,https://www.imdb.com/title/tt1436045/,tt1436045
Akmareul Boatda (??? ???),7.8,Lee Byung-hun,Choi Min-sik,Jeon Gook-hwan,https://www.imdb.com/title/tt1588170/,tt1588170
L'auberge espagnole,7.3,Romain Duris,Judith Godrèche,Kelly Reilly,https://www.imdb.com/title/tt0283900/,tt0283900
Tom yum goong,7.0,Tony Jaa,Nathan Jones,Xing Jin,https://www.imdb.com/title/tt0427954/,tt0427954
Valhalla Rising,6.0,Mads Mikkelsen,Maarten Stevenson,Alexander Morton,https://www.imdb.com/title/tt0862467/,tt0862467
[Rec] 2,6.5,Jonathan D. Mellor,Manuela Velasco,Óscar Zafra,https://www.imdb.com/title/tt1245112/,tt1245112
Haevnen,7.6,Mikael Persbrandt,Trine Dyrholm,Markus Rygaard,https://www.imdb.com/title/tt1340107/,tt1340107
Irreversible,7.3,Monica Bellucci,Vincent Cassel,Albert Dupontel,https://www.imdb.com/title/tt0290673/,tt0290673
Não Pare na Pista: A Melhor História de Paulo C…,5.5,Júlio Andrade,Ravel Andrade,Fabiana Gugli,https://www.imdb.com/title/tt3006814/,tt3006814
Tao Jie,7.6,Andy Lau,Deannie Ip,Hailu Qin,https://www.imdb.com/title/tt2008006/,tt2008006
La Vie d'Adèle – Chapitres 1 & 2,7.7,Léa Seydoux,Adèle Exarchopoulos,Salim Kechiouche,https://www.imdb.com/title/tt2278871/,tt2278871
Hodejegerne,7.5,Aksel Hennie,Synnøve Macody Lund,Nikolaj Coster-Waldau,https://www.imdb.com/title/tt1614989/,tt1614989
Saint Ralph,7.4,Adam Butcher,Campbell Scott,Jennifer Tilly,https://www.imdb.com/title/tt0384488/,tt0384488
Oculus,6.5,Karen Gillan,Brenton Thwaites,Katee Sackhoff,https://www.imdb.com/title/tt2388715/,tt2388715
Memento,8.5,Guy Pearce,Carrie-Anne Moss,Joe Pantoliano,https://www.imdb.com/title/tt0209144/,tt0209144
Still Alice,7.5,Julianne Moore,Alec Baldwin,Kristen Stewart,https://www.imdb.com/title/tt3316960/,tt3316960
O (Othello),6.1,Mekhi Phifer,Julia Stiles,Martin Sheen,https://www.imdb.com/title/tt0184791/,tt0184791
Spring Breakers,5.3,Vanessa Hudgens,Selena Gomez,Ashley Benson,https://www.imdb.com/title/tt2101441/,tt2101441
Y Tu Mamá También,7.7,Maribel Verdú,Gael García Bernal,Daniel Giménez Cacho,https://www.imdb.com/title/tt0245574/,tt0245574
Hillary’s America: The Secret History of the De…,5.2,Dinesh D'Souza,Jonah Goldberg,David Guyette,https://www.imdb.com/title/tt5646136/,tt5646136
Sunshine Cleaning,6.8,Amy Adams,Emily Blunt,Alan Arkin,https://www.imdb.com/title/tt0862846/,tt0862846
The Belko Experiment,6.1,John Gallagher Jr.,Tony Goldwyn,Adria Arjona,https://www.imdb.com/title/tt1082807/,tt1082807
Fahrenheit 11/9,7.0,Jim Acosta,Roger Ailes,Brooke Baldwin,https://www.imdb.com/title/tt8632862/,tt8632862
Sea Rex 3D: Journey to a Prehistoric World,6.6,Guillaume Denaiffe,Norbert Ferrer,Chloe Hollings,https://www.imdb.com/title/tt1529567/,tt1529567
Des Hommes et Des Dieux,7.2,Lambert Wilson,Michael Lonsdale,Olivier Rabourdin,https://www.imdb.com/title/tt1588337/,tt1588337
Green Room,7.0,Anton Yelchin,Imogen Poots,Alia Shawkat,https://www.imdb.com/title/tt4062536/,tt4062536
Thoroughbreds,6.6,Olivia Cooke,Anya Taylor-Joy,Anton Yelchin,https://www.imdb.com/title/tt5649108/,tt5649108
Everything Must Go,6.4,Will Ferrell,Rebecca Hall,Christopher Jordan Wallace,https://www.imdb.com/title/tt1531663/,tt1531663
American Teen,6.4,Hannah Bailey,Jake Tusing,Megan Krizmanich,https://www.imdb.com/title/tt0486259/,tt0486259
Jimi: All is By My Side,5.7,André 3000,Hayley Atwell,Imogen Poots,https://www.imdb.com/title/tt2402085/,tt2402085
Tucker & Dale vs. Evil,7.5,Tyler Labine,Alan Tudyk,Katrina Bowden,https://www.imdb.com/title/tt1465522/,tt1465522
Mientras duermes,7.2,Luis Tosar,Marta Etura,Alberto San Juan,https://www.imdb.com/title/tt1437358/,tt1437358
Obsluhoval jsem anglického krále,7.4,Ivan Barnev,Oldrich Kaiser,Julia Jentsch,https://www.imdb.com/title/tt0284363/,tt0284363
Soul Kitchen,7.2,Adam Bousdoukos,Moritz Bleibtreu,Pheline Roggan,https://www.imdb.com/title/tt1244668/,tt1244668
Hostel,5.9,Jay Hernandez,Derek Richardson,Eythor Gudjonsson,https://www.imdb.com/title/tt0450278/,tt0450278
Tristram Shandy: A Cock and Bull Story,6.7,Steve Coogan,Jeremy Northam,Rob Brydon,https://www.imdb.com/title/tt0423409/,tt0423409
Dear Frankie,7.7,Emily Mortimer,Jack McElhone,Gerard Butler,https://www.imdb.com/title/tt0377752/,tt0377752
Le nom des gens,7.2,Sara Forestier,Jacques Gamblin,Zinedine Soualem,https://www.imdb.com/title/tt1646974/,tt1646974
Savage Grace,5.7,Julianne Moore,Eddie Redmayne,Stephen Dillane,https://www.imdb.com/title/tt0379976/,tt0379976
Out of the Blue,7.1,Matthew Sunderland,Stuart Mathieson,Natalie Ellis,https://www.imdb.com/title/tt0839938/,tt0839938
Nannerl la soeur de Mozart,6.4,Marie Féret,Marc Barbé,Delphine Chuillot,https://www.imdb.com/title/tt1653911/,tt1653911
Spun,6.7,Jason Schwartzman,John Leguizamo,Patrick Fugit,https://www.imdb.com/title/tt0283003/,tt0283003
Chinjeolhan geumjassi,7.5,Nam-mi Kang,Jeong-nam Choi,Hye-Sook Go,https://www.imdb.com/title/tt0451094/,tt0451094
Lilja 4-ever,7.8,Oksana Akinshina,Artyom Bogucharskiy,Pavel Ponomaryov,https://www.imdb.com/title/tt0300140/,tt0300140
After.Life,5.9,Christina Ricci,Liam Neeson,Justin Long,https://www.imdb.com/title/tt0838247/,tt0838247
Airlift (2016),8.1,Akshay Kumar,Nimrat Kaur,Kumud Mishra,https://www.imdb.com/title/tt4387040/,tt4387040
Whale Rider,7.5,Keisha Castle-Hughes,Rawiri Paratene,Vicky Haughton,https://www.imdb.com/title/tt0298228/,tt0298228
Sexy Beast,7.3,Ray Winstone,Ben Kingsley,Ian McShane,https://www.imdb.com/title/tt0203119/,tt0203119
Nochnoy dozor,6.4,Konstantin Khabenskiy,Vladimir Menshov,Mariya Poroshina,https://www.imdb.com/title/tt0403358/,tt0403358
Bug,6.1,Ashley Judd,Michael Shannon,Harry Connick Jr.,https://www.imdb.com/title/tt0470705/,tt0470705
The Real Cancun,2.8,Benjamin Fletcher,Nicole Frilot,Roxanne Frilot,https://www.imdb.com/title/tt0360916/,tt0360916
Samsara,8.4,Balinese Tari Legong Dancers,Ni Made Megahadi Pratiwi,Puti Sri Candra Dewi,https://www.imdb.com/title/tt0770802/,tt0770802
Cafarnaúm,8.4,Zain Al Rafeea,Yordanos Shiferaw,Boluwatife Treasure Bankole,https://www.imdb.com/title/tt8267604/,tt8267604
Poolhall Junkies,6.8,Mars Callahan,Chazz Palminteri,Michael Rosenbaum,https://www.imdb.com/title/tt0273982/,tt0273982
"Guten Tag, Ramon",7.6,Kristyan Ferrer,Ingeborg Schöner,Adriana Barraza,https://www.imdb.com/title/tt2876428/,tt2876428
Manglehorn,5.5,Al Pacino,Holly Hunter,Harmony Korine,https://www.imdb.com/title/tt2893490/,tt2893490
Tau ming chong,7.0,Jet Li,Andy Lau,Takeshi Kaneshiro,https://www.imdb.com/title/tt0913968/,tt0913968
Stake Land,6.5,Connor Paolo,Nick Damici,Kelly McGillis,https://www.imdb.com/title/tt1464580/,tt1464580
The Good Heart,6.8,Paul Dano,Brian Cox,Bill Buell,https://www.imdb.com/title/tt0808285/,tt0808285
L’attentat,7.1,Ali Suliman,Reymonde Amsallem,Evgenia Dodina,https://www.imdb.com/title/tt0787442/,tt0787442
Casa de Areia,7.4,Fernanda Montenegro,Fernanda Torres,Ruy Guerra,https://www.imdb.com/title/tt0373747/,tt0373747
El secreto de sus ojos,8.2,Ricardo Darín,Soledad Villamil,Pablo Rago,https://www.imdb.com/title/tt1305806/,tt1305806
First Reformed,7.1,Ethan Hawke,Amanda Seyfried,Cedric the Entertainer,https://www.imdb.com/title/tt6053438/,tt6053438
La otra conquista,6.7,Damián Delgado,José Carlos Rodríguez,Elpidia Carrillo,https://www.imdb.com/title/tt0175996/,tt0175996
The Bronze,6.1,Melissa Rauch,Gary Cole,Haley Lu Richardson,https://www.imdb.com/title/tt3859304/,tt3859304
Trolljegeren,6.9,Otto Jespersen,Robert Stoltenberg,Knut Nærum,https://www.imdb.com/title/tt1740707/,tt1740707
Surveillance,6.3,Julia Ormond,Bill Pullman,Pell James,https://www.imdb.com/title/tt0409345/,tt0409345
La marche de l'empereur,7.6,Morgan Freeman,Romane Bohringer,Charles Berling,https://www.imdb.com/title/tt0428803/,tt0428803
La Tourneuse de Pages,7.0,Catherine Frot,Déborah François,Pascal Greggory,https://www.imdb.com/title/tt0487503/,tt0487503
Cidade de Deus,8.6,Alexandre Rodrigues,Leandro Firmino,Matheus Nachtergaele,https://www.imdb.com/title/tt0317248/,tt0317248
Human Traffic,7.1,John Simm,Lorraine Pilkington,Shaun Parkes,https://www.imdb.com/title/tt0188674/,tt0188674
Entre les murs,7.5,François Bégaudeau,Agame Malembo-Emene,Angélica Sancio,https://www.imdb.com/title/tt1068646/,tt1068646
Beginners,7.2,Ewan McGregor,Christopher Plummer,Mélanie Laurent,https://www.imdb.com/title/tt1532503/,tt1532503
The Meddler,6.3,Susan Sarandon,Rose Byrne,J.K. Simmons,https://www.imdb.com/title/tt4501454/,tt4501454
Feast,6.2,Navi Rawat,Krista Allen,Balthazar Getty,https://www.imdb.com/title/tt0426459/,tt0426459
The Original Kings of Comedy,6.7,Steve Harvey,D.L. Hughley,Cedric the Entertainer,https://www.imdb.com/title/tt0236388/,tt0236388
Bowling for Columbine,8.0,Michael Moore,Charlton Heston,Marilyn Manson,https://www.imdb.com/title/tt0310793/,tt0310793
Martin Lawrence Live: RunTelDat,5.3,Martin Lawrence,Nancy O'Dell,Paul Keeley,https://www.imdb.com/title/tt0327036/,tt0327036
Pokemon 3: The Movie,5.8,Veronica Taylor,Eric Stuart,Rica Matsumoto,https://www.imdb.com/title/tt0235679/,tt0235679
Dave Chappelle's Block Party,7.2,Dave Chappelle,Yasiin Bey,Lauryn Hill,https://www.imdb.com/title/tt0425598/,tt0425598
East is East,6.9,Om Puri,Linda Bassett,Jordan Routledge,https://www.imdb.com/title/tt0166175/,tt0166175
Frances Ha,7.4,Greta Gerwig,Mickey Sumner,Adam Driver,https://www.imdb.com/title/tt2347569/,tt2347569
Thirteen Conversations About One Thing,7.0,Alan Arkin,John Turturro,Matthew McConaughey,https://www.imdb.com/title/tt0268690/,tt0268690
Tsotsi,7.2,Presley Chweneyagae,Mothusi Magano,Israel Matseke-Zulu,https://www.imdb.com/title/tt0468565/,tt0468565
DysFunkTional Family,6.5,Eddie Griffin,Joe Howard,Matthew Brent,https://www.imdb.com/title/tt0337996/,tt0337996
Damsels in Distress,5.8,Greta Gerwig,Adam Brody,Lio Tipton,https://www.imdb.com/title/tt1667307/,tt1667307
Fish Tank,7.3,Katie Jarvis,Michael Fassbender,Kierston Wareing,https://www.imdb.com/title/tt1232776/,tt1232776
à l\'intérieur,6.7,Alysson Paradis,Jean-Baptiste Tabourin,Claude Lulé,https://www.imdb.com/title/tt0856288/,tt0856288
Boynton Beach Club,6.5,Dyan Cannon,Joseph Bologna,Brenda Vaccaro,https://www.imdb.com/title/tt0439478/,tt0439478
High Tension,6.7,Cécile de France,Maïwenn,Philippe Nahon,https://www.imdb.com/title/tt0338095/,tt0338095
Diary of the Dead,5.6,Michelle Morgan,Joshua Close,Shawn Roberts,https://www.imdb.com/title/tt0848557/,tt0848557
Riding Giants,7.8,Laird Hamilton,Darrick Doerner,Dave Kalama,https://www.imdb.com/title/tt0389326/,tt0389326
Los Cronocrímenes,7.1,Karra Elejalde,Candela Fernández,Bárbara Goenaga,https://www.imdb.com/title/tt0480669/,tt0480669
La Cara Oculta,7.3,Quim Gutiérrez,Martina García,María Soledad Rodríguez,https://www.imdb.com/title/tt1772250/,tt1772250
2016: Obama’s America,5.1,Jay Bastian,Joe Biden,Cait Brasel,https://www.imdb.com/title/tt2247692/,tt2247692
Kevin Hart: Let Me Explain,6.7,Kevin Hart,Harry Ratchford,Will 'Spank' Horton,https://www.imdb.com/title/tt2609912/,tt2609912
Religulous,7.6,Bill Maher,Tal Bachman,Jonathan Boulden,https://www.imdb.com/title/tt0815241/,tt0815241
Jesus' Son,6.9,Billy Crudup,Robert Michael Kelly,Torben Brooks,https://www.imdb.com/title/tt0186253/,tt0186253
Saving Face,7.4,Joan Chen,Michelle Krusiec,Lynn Chen,https://www.imdb.com/title/tt0384504/,tt0384504
Brick Lane,6.6,Tannishtha Chatterjee,Satish Kaushik,Christopher Simpson,https://www.imdb.com/title/tt0940585/,tt0940585
The Other End of the Line,6.2,Jesse Metcalfe,Sara Foster,Anupam Kher,https://www.imdb.com/title/tt1049405/,tt1049405
Thr3e,4.9,Marc Blucas,Justine Waddell,Laura Jordan,https://www.imdb.com/title/tt0486028/,tt0486028
This is England,7.7,Thomas Turgoose,Stephen Graham,Jo Hartley,https://www.imdb.com/title/tt0480025/,tt0480025
Jackass: The Movie,6.6,Johnny Knoxville,Bam Margera,Chris Pontius,https://www.imdb.com/title/tt0322802/,tt0322802
It Follows,6.8,Maika Monroe,Keir Gilchrist,Olivia Luccardi,https://www.imdb.com/title/tt3235888/,tt3235888
Silent House,5.2,Elizabeth Olsen,Adam Trese,Eric Sheffer Stevens,https://www.imdb.com/title/tt1767382/,tt1767382
Das Leben der Anderen,8.4,Ulrich Mühe,Martina Gedeck,Sebastian Koch,https://www.imdb.com/title/tt0405094/,tt0405094
Hardcore Henry,6.7,Sharlto Copley,Tim Roth,Haley Bennett,https://www.imdb.com/title/tt3072482/,tt3072482
Winter\'s Bone,7.1,Jennifer Lawrence,John Hawkes,Garret Dillahunt,https://www.imdb.com/title/tt1399683/,tt1399683
Meet the Mormons,6.8,Jermaine Sullivan,Ken Niumatalolo,Carolina Muñoz Marin,https://www.imdb.com/title/tt4003774/,tt4003774
Amores Perros,8.1,Emilio Echevarría,Gael García Bernal,Goya Toledo,https://www.imdb.com/title/tt0245712/,tt0245712
Touching the Void,8.0,Simon Yates,Joe Simpson,Brendan Mackey,https://www.imdb.com/title/tt0379557/,tt0379557
Inside Job,8.2,Matt Damon,Gylfi Zoega,Andri Snær Magnason,https://www.imdb.com/title/tt1645089/,tt1645089
Harsh Times,6.8,Christian Bale,Freddy Rodríguez,Eva Longoria,https://www.imdb.com/title/tt0433387/,tt0433387
Ghost Dog: The Way of the Samurai,7.5,Forest Whitaker,Henry Silva,John Tormey,https://www.imdb.com/title/tt0165798/,tt0165798
Waltz with Bashir,8.0,Ari Folman,Ron Ben-Yishai,Ronny Dayag,https://www.imdb.com/title/tt1185616/,tt1185616
Strangers with Candy,5.9,Amy Sedaris,Stephen Colbert,Paul Dinello,https://www.imdb.com/title/tt0369994/,tt0369994
Son of Rambow: A Home Movie,7.0,Bill Milner,Will Poulter,Jessica Hynes,https://www.imdb.com/title/tt0845046/,tt0845046
No End In Sight,8.2,Campbell Scott,Gerald Burke,Ali Fadhil,https://www.imdb.com/title/tt0912593/,tt0912593
In the Shadow of the Moon,8.0,Buzz Aldrin,Alan Bean,Eugene Cernan,https://www.imdb.com/title/tt0925248/,tt0925248
Meek's Cutoff,6.5,Michelle Williams,Bruce Greenwood,Paul Dano,https://www.imdb.com/title/tt1518812/,tt1518812
Sharkwater,7.9,Rob Stewart,Paul Watson,Erich Ritter,https://www.imdb.com/title/tt0856008/,tt0856008
Inside Deep Throat,6.7,Linda Lovelace,Harry Reems,Dennis Hopper,https://www.imdb.com/title/tt0418753/,tt0418753
Dinner Rush,7.3,Danny Aiello,Edoardo Ballerini,John Rothman,https://www.imdb.com/title/tt0229340/,tt0229340
Teeth,5.4,Jess Weixler,John Hensley,Josh Pais,https://www.imdb.com/title/tt0780622/,tt0780622
It's All Gone Pete Tong,7.3,Paul Kaye,Beatriz Batarda,Kate Magowan,https://www.imdb.com/title/tt0388139/,tt0388139
Lost River,5.7,Christina Hendricks,Iain De Caestecker,Matt Smith,https://www.imdb.com/title/tt2366608/,tt2366608
Man on Wire,7.7,Philippe Petit,Jean François Heckel,Jean-Louis Blondeau,https://www.imdb.com/title/tt1155592/,tt1155592
Nowhere Boy,7.1,Aaron Taylor-Johnson,Kristin Scott Thomas,Anne-Marie Duff,https://www.imdb.com/title/tt1266029/,tt1266029
Submarine,7.3,Craig Roberts,Sally Hawkins,Paddy Considine,https://www.imdb.com/title/tt1440292/,tt1440292
The Square,7.2,Claes Bang,Elisabeth Moss,Dominic West,https://www.imdb.com/title/tt4995790/,tt4995790
El crimen de padre Amaro,6.7,Gael García Bernal,Ana Claudia Talancón,Sancho Gracia,https://www.imdb.com/title/tt0313196/,tt0313196
Songcatcher,7.3,Janet McTeer,Michael Harding,Michael Davis,https://www.imdb.com/title/tt0210299/,tt0210299
POM Wonderful Presents: The Greatest Movie Ever…,6.6,J.J. Abrams,Peter Berg,Paul Brennan,https://www.imdb.com/title/tt1743720/,tt1743720
Travellers and Magicians,7.4,Tshewang Dendup,Gup Kado Duba,Dasho Kado,https://www.imdb.com/title/tt0378906/,tt0378906
May,6.6,Angela Bettis,Jeremy Sisto,Anna Faris,https://www.imdb.com/title/tt0303361/,tt0303361
La misma luna,7.3,Eugenio Derbez,Kate del Castillo,Adrian Alonso,https://www.imdb.com/title/tt0796307/,tt0796307
The Lunchbox,7.8,Irrfan Khan,Nimrat Kaur,Nawazuddin Siddiqui,https://www.imdb.com/title/tt2350496/,tt2350496
My Summer of Love,6.7,Natalie Press,Emily Blunt,Paddy Considine,https://www.imdb.com/title/tt0382189/,tt0382189
Yes,6.4,Joan Allen,Simon Abkarian,Sam Neill,https://www.imdb.com/title/tt0381717/,tt0381717
Sukkar banat,7.1,Nadine Labaki,Joanna Moukarzel,Gisèle Aouad,https://www.imdb.com/title/tt0825236/,tt0825236
Insidious,6.8,Patrick Wilson,Rose Byrne,Ty Simpkins,https://www.imdb.com/title/tt1591095/,tt1591095
Cabin Fever,5.6,Jordan Ladd,Rider Strong,James DeBello,https://www.imdb.com/title/tt0303816/,tt0303816
Kissing Jessica Stein,6.6,Jennifer Westfeldt,Heather Juergensen,Tovah Feldshuh,https://www.imdb.com/title/tt0264761/,tt0264761
Run the Race,6.0,Tanner Stine,Kristoffer Polaha,Evan Hofer,https://www.imdb.com/title/tt3201736/,tt3201736
The Gatekeepers,7.6,Ami Ayalon,Avraham Shalom,Avi Dichter,https://www.imdb.com/title/tt2309788/,tt2309788
Nueve Reinas,7.9,Ricardo Darín,Gastón Pauls,Graciela Tenenbaum,https://www.imdb.com/title/tt0247586/,tt0247586
The Lords of Salem,5.1,Sheri Moon Zombie,Meg Foster,Bruce Davison,https://www.imdb.com/title/tt1731697/,tt1731697
Unsullied,4.0,Rusty Joiner,Murray Gray,James Gaudioso,https://www.imdb.com/title/tt3139764/,tt3139764
The Believer,7.1,Ryan Gosling,Summer Phoenix,Peter Meadows,https://www.imdb.com/title/tt0247199/,tt0247199
The Disappearance of Alice Creed,6.7,Gemma Arterton,Eddie Marsan,Martin Compston,https://www.imdb.com/title/tt1379177/,tt1379177
El abrazo de la serpiente,7.8,Nilbio Torres,Jan Bijvoet,Antonio Bolívar,https://www.imdb.com/title/tt4285496/,tt4285496
The Holy Girl,6.7,Mercedes Morán,Carlos Belloso,Alejandro Urdapilleta,https://www.imdb.com/title/tt0300270/,tt0300270
Journey from the Fall,7.2,Kieu Chinh,Long Nguyen,Diem Lien,https://www.imdb.com/title/tt0433398/,tt0433398
The Basket,6.5,Peter Coyote,Karen Allen,Robert Burke,https://www.imdb.com/title/tt0190255/,tt0190255
Filly Brown,5.8,Gina Rodriguez,Jenni Rivera,Lou Diamond Phillips,https://www.imdb.com/title/tt1869425/,tt1869425
Super Troopers,7.0,Jay Chandrasekhar,Kevin Heffernan,André Vippolis,https://www.imdb.com/title/tt0247745/,tt0247745
Monsoon Wedding,7.3,Naseeruddin Shah,Lillete Dubey,Shefali Shah,https://www.imdb.com/title/tt0265343/,tt0265343
But I'm a Cheerleader,6.7,Natasha Lyonne,Clea DuVall,Michelle Williams,https://www.imdb.com/title/tt0179116/,tt0179116
Ong-Bak,7.2,Tony Jaa,Petchtai Wongkamlao,Pumwaree Yodkamol,https://www.imdb.com/title/tt0368909/,tt0368909
Serbuan maut,7.6,Iko Uwais,Ananda George,Ray Sahetapy,https://www.imdb.com/title/tt1899353/,tt1899353
Unfriended,5.6,Heather Sossaman,Matthew Bohrer,Courtney Halverson,https://www.imdb.com/title/tt3713166/,tt3713166
An Inconvenient Truth,7.4,Al Gore,Billy West,George Bush,https://www.imdb.com/title/tt0497116/,tt0497116
You're Next,6.6,Sharni Vinson,Joe Swanberg,AJ Bowen,https://www.imdb.com/title/tt1853739/,tt1853739
"Hello, My Name is Doris",6.6,Sally Field,Max Greenfield,Tyne Daly,https://www.imdb.com/title/tt3766394/,tt3766394
Godzilla 2000,6.0,Takehiro Murata,Hiroshi Abe,Naomi Nishida,https://www.imdb.com/title/tt0188640/,tt0188640
Transamerica,7.4,Felicity Huffman,Kevin Zegers,Fionnula Flanagan,https://www.imdb.com/title/tt0407265/,tt0407265
The Green Inferno,5.3,Lorenza Izzo,Ariel Levy,Aaron Burns,https://www.imdb.com/title/tt2403021/,tt2403021
I Am Not Your Negro,7.9,Samuel L. Jackson,James Baldwin,Martin Luther King,https://www.imdb.com/title/tt5804038/,tt5804038
Shine a Light,7.1,Mick Jagger,Keith Richards,Charlie Watts,https://www.imdb.com/title/tt0893382/,tt0893382
October Baby,6.7,Rachel Hendrix,Jason Burkey,John Schneider,https://www.imdb.com/title/tt1720182/,tt1720182
20 Feet From Stardom,7.4,Darlene Love,Merry Clayton,Lisa Fischer,https://www.imdb.com/title/tt2396566/,tt2396566
"Food, Inc.",7.8,Michael Pollan,Eric Schlosser,Richard Lobb,https://www.imdb.com/title/tt1286537/,tt1286537
An Inconvenient Sequel,6.5,Al Gore,Cory Booker,George W. Bush,https://www.imdb.com/title/tt6322922/,tt6322922
Who Killed the Electric Car?,7.6,Martin Sheen,Tom Hanks,Mel Gibson,https://www.imdb.com/title/tt0489037/,tt0489037
The Secrets of Jonathan Sperry,6.8,Gavin MacLeod,Jansen Panettiere,Robert Guillaume,https://www.imdb.com/title/tt1070858/,tt1070858
Bubba Ho-Tep,7.0,Bruce Campbell,Ossie Davis,Bob Ivy,https://www.imdb.com/title/tt0281686/,tt0281686
Visages villages,7.8,Agnès Varda,JR,Jeannine Carpentier,https://www.imdb.com/title/tt5598102/,tt5598102
Palo Alto,6.2,Emma Roberts,James Franco,Jack Kilmer,https://www.imdb.com/title/tt2479800/,tt2479800
Ajami,7.3,Fouad Habash,Nisrin Siksik,Elias Saba,https://www.imdb.com/title/tt1077262/,tt1077262
The Act of Killing,8.2,Anwar Congo,Herman Koto,Syamsul Arifin,https://www.imdb.com/title/tt2375605/,tt2375605
Alone with Her,6.0,Ana Claudia Talancón,Colin Hanks,Jordana Spiro,https://www.imdb.com/title/tt0472259/,tt0472259
Hard Candy,7.0,Patrick Wilson,Elliot Page,Sandra Oh,https://www.imdb.com/title/tt0424136/,tt0424136
Lowriders,5.7,Gabriel Chavarria,Demián Bichir,Theo Rossi,https://www.imdb.com/title/tt1366338/,tt1366338
"4 luni, 3 saptamani si 2 zile",7.9,Anamaria Marinca,Laura Vasiliu,Vlad Ivanov,https://www.imdb.com/title/tt1032846/,tt1032846
Latter Days,7.1,Wes Ramsey,Steve Sandvoss,Mary Kay Place,https://www.imdb.com/title/tt0345551/,tt0345551
Celeste and Jesse Forever,6.6,Rashida Jones,Andy Samberg,Elijah Wood,https://www.imdb.com/title/tt1405365/,tt1405365
London to Brighton,6.9,Lorraine Stanley,Georgia Groome,Johnny Harris,https://www.imdb.com/title/tt0490166/,tt0490166
Raising Victor Vargas,7.2,Victor Rasuk,Donna Maldonado,Kevin Rivera,https://www.imdb.com/title/tt0316188/,tt0316188
Saints and Soldiers,6.7,Corbin Allred,Alexander Polinsky,Kirby Heyborne,https://www.imdb.com/title/tt0373283/,tt0373283
Kevin Hart: Laugh at My Pain,7.3,Kevin Hart,Taraji P. Henson,Will 'Spank' Horton,https://www.imdb.com/title/tt1999192/,tt1999192
Aqua Teen Hunger Force Colon Movie Film for The…,6.7,Dana Snyder,Dave Willis,Carey Means,https://www.imdb.com/title/tt0455326/,tt0455326
Bikur Ha-Tizmoret,7.5,Sasson Gabay,Ronit Elkabetz,Saleh Bakri,https://www.imdb.com/title/tt1032856/,tt1032856
Best of Enemies,7.6,Gore Vidal,William F. Buckley,Dick Cavett,https://www.imdb.com/title/tt3518012/,tt3518012
The Innkeepers,5.5,Sara Paxton,Pat Healy,Kelly McGillis,https://www.imdb.com/title/tt1594562/,tt1594562
Donkey Punch,5.2,Sian Breckin,Nichola Burley,Jaime Winstone,https://www.imdb.com/title/tt0988849/,tt0988849
All the Boys Love Mandy Lane,5.5,Amber Heard,Anson Mount,Whitney Able,https://www.imdb.com/title/tt0490076/,tt0490076
Rize,7.1,Tommy the Clown,Larry Berry,Dragon,https://www.imdb.com/title/tt0436724/,tt0436724
Open Water,5.8,Blanchard Ryan,Daniel Travis,Saul Stein,https://www.imdb.com/title/tt0374102/,tt0374102
Mad Hot Ballroom,7.4,Heather Berman,Emma Therese Biegacki,Eva Carrozza,https://www.imdb.com/title/tt0438205/,tt0438205
To Save a Life,6.8,Randy Wayne,Deja Kreutzberg,Joshua Weigel,https://www.imdb.com/title/tt1270286/,tt1270286
Wordplay,7.4,Will Shortz,Ken Burns,Jon Stewart,https://www.imdb.com/title/tt0492506/,tt0492506
Sholem Aleichem: Laughing in the Darkness,7.1,Rachel Dratch,Hillel Halkin,Jason Kravits,https://www.imdb.com/title/tt1976608/,tt1976608
Lonesome Jim,6.5,Casey Affleck,Liv Tyler,Mary Kay Place,https://www.imdb.com/title/tt0385056/,tt0385056
Rubber,5.7,Stephen Spinella,Roxane Mesquida,Wings Hauser,https://www.imdb.com/title/tt1612774/,tt1612774
Griffin & Phoenix,6.9,Amanda Peet,Dermot Mulroney,Sarah Paulson,https://www.imdb.com/title/tt0460812/,tt0460812
Paranormal Activity,6.3,Katie Featherston,Micah Sloat,Mark Fredrichs,https://www.imdb.com/title/tt1179904/,tt1179904
Brick,7.2,Joseph Gordon-Levitt,Lukas Haas,Emilie de Ravin,https://www.imdb.com/title/tt0393109/,tt0393109
Conversations with Other Women,6.9,Helena Bonham Carter,Aaron Eckhart,Yury Tsykun,https://www.imdb.com/title/tt0435623/,tt0435623
Moartea domnului Lazarescu,7.9,Doru Ana,Monica Barladeanu,Alina Berzunteanu,https://www.imdb.com/title/tt0456149/,tt0456149
Twenty-Two,7.4,Ke Guo,Shuiqing Jing,Yanjie Li,https://www.imdb.com/title/tt3843282/,tt3843282
Dogtown and Z-Boys,7.6,Sean Penn,Jay Adams,Tony Alva,https://www.imdb.com/title/tt0275309/,tt0275309
Tarnation,7.1,Jonathan Caouette,Renee Leblanc,Adolph Davis,https://www.imdb.com/title/tt0390538/,tt0390538
Stan Helsing: A Parody,3.5,Steve Howey,Diora Baird,Kenan Thompson,https://www.imdb.com/title/tt1185266/,tt1185266
Murderball,7.7,Joe Soares,Keith Cavill,Mark Zupan,https://www.imdb.com/title/tt0436613/,tt0436613
Kynodontas,7.2,Christos Stergioglou,Michele Valley,Angeliki Papoulia,https://www.imdb.com/title/tt1379182/,tt1379182
Tupac Resurrection,7.9,Tupac Shakur,Rappin' 4-Tay,Conrad Bain,https://www.imdb.com/title/tt0343121/,tt0343121
Ayurveda: Art of Being,7.6,Nicolos Kostopoulos,Vaidya Narayan Murthy,Brahmanand Swamigal,https://www.imdb.com/title/tt0221809/,tt0221809
Lovely and Amazing,6.7,Catherine Keener,Brenda Blethyn,Troy Ruptash,https://www.imdb.com/title/tt0258273/,tt0258273
Sleight,5.9,Jacob Latimore,Seychelle Gabriel,Storm Reid,https://www.imdb.com/title/tt4573516/,tt4573516
Better Luck Tomorrow,7.0,Parry Shen,Jason Tobin,Sung Kang,https://www.imdb.com/title/tt0280477/,tt0280477
Bronson,7.1,Tom Hardy,Kelly Adams,Luing Andrews,https://www.imdb.com/title/tt1172570/,tt1172570
Embrace,7.2,Taryn Brumfitt,Renee Airya,Linda Bacon,https://www.imdb.com/title/tt4862478/,tt4862478
The Grace Card,6.3,Michael Joiner,Michael Higgenbottom,Louis Gossett Jr.,https://www.imdb.com/title/tt1544600/,tt1544600
Your Sister's Sister,6.7,Mark Duplass,Emily Blunt,Rosemarie DeWitt,https://www.imdb.com/title/tt1742336/,tt1742336
Super Size Me,7.2,Morgan Spurlock,Daryl Isaacs,Chemeeka Walker,https://www.imdb.com/title/tt0390521/,tt0390521
Dayereh,7.4,Maryiam Palvin Almani,Nargess Mamizadeh,Mojgan Faramarzi,https://www.imdb.com/title/tt0255094/,tt0255094
